archivo,title,description,summary,activity_code
"fiesta-eficiente.md","Fiesta energéticamente eficiente","Organiza una fiesta en tu comunidad que demuestre formas de ahorrar energía, desde la comida hasta los platos reutilizables.","Celebra con eficiencia energética.","energia-E08"
"fragmentacion-de-habitats.md","Fragmentación de hábitats","Investigación sobre cómo la fragmentación de hábitats afecta la diversidad genética y el debate sobre casos locales.","Debatir sobre fragmentación de hábitats.","biodiversidad-D14"
"iluminando-y-empoderando.md","Iluminando y empoderando","Organiza un Día de Concientización Energética en tu comunidad con carteles y volantes para educar sobre el ahorro de energía.","Ilumina a tu comunidad sobre energía.","energia-E14"
"reciclaje-de-papel-biodiversidad.md","Reciclaje de papel","Fabricación de papel reciclado para entender cómo el reciclaje ayuda a conservar la biodiversidad.","Fabricar papel reciclado.","biodiversidad-C21"
"estudios-sobre-desastres.md","Estudios sobre desastres","Evaluación de la resiliencia de tu ciudad frente a desastres naturales y propuesta de mejoras para su preparación.","Evaluar la resiliencia de tu ciudad frente a desastres.","ciudadesverdes-B10"
"apoya-a-las-abejas.md","¡Apoyá a las abejas!","Organización de un día para que apicultores locales muestren y vendan sus productos, apoyando su trabajo y la conservación.","Apoyar a apicultores locales.","polinizadores-D06"
"compras-inteligentes.md","Compras inteligentes","Actividad práctica para aprender a hacer compras sostenibles observando y analizando los hábitos de compra familiar.","Aprender a hacer compras sostenibles.","cambioclimatico-E06"
"mundo-sin-hambre.md","Mundo sin hambre","Únete a jóvenes de todo el mundo para crear un mundo libre de hambre.","Alianza global contra el hambre.","sacc-B19"
"no-desperdicies-y-nada-te-faltara.md","No desperdicies y nada te faltará","Seguimiento del desperdicio de alimentos en el hogar y desarrollo de estrategias para reducirlo.","Reducir el desperdicio de alimentos.","cambioclimatico-E12"
"haz-una-conserva.md","Haz una Conserva","Investiga técnicas tradicionales de conserva de alimentos de tu cultura y de otras culturas.","Investigación sobre técnicas de conserva.","nutricion-C06"
"el-diario-de-comidas.md","El Diario de Comidas","Lleva un registro detallado de tu alimentación durante una semana para evaluar y mejorar tu dieta.","Registro y análisis de hábitos alimenticios.","nutricion-B02"
"diario-de-alimentos-polinizadores.md","Diario de alimentos","Seguimiento de los alimentos consumidos en un día para investigar cómo fueron producidos y su relación con los polinizadores.","Investigar la producción de tus alimentos.","polinizadores-B04"
"midiendo-el-clima.md","Midiendo el clima","Aprende cómo se mide el clima, qué instrumentos se utilizan y cómo los datos se usan para predecir cambios climáticos.","Investigar instrumentos y métodos para medir el clima.","cambioclimatico-A12"
"la-verdad-sobre-los-germenes.md","La Verdad sobre los Gérmenes","Investiga qué son los gérmenes, cómo se propagan y cómo protegernos de enfermedades infecciosas.","Investigación sobre gérmenes y enfermedades.","nutricion-A12"
"el-agua-es-poesia.md","El Agua es Poesía","Los participantes reflexionan sobre el agua y su conexión con la salud y la felicidad a través de la creación de poemas inspirados en este elemento vital.","Escribe un poema sobre el agua.","agua-D31"
"respuesta-ante-desastres.md","Respuesta ante desastres","Investiga desastres relacionados con el tiempo y cómo responder.","Preparación ante desastres climáticos.","sacc-C12"
"el-barquito-chiquitito.md","El Barquito Chiquitito","Reescribe la letra de una canción para difundir un mensaje sobre el agua.","Creación de canciones sobre el agua.","agua-D04"
"todo-sobre-la-acuicultura.md","Todo sobre la Acuicultura","Investiga y presenta información sobre la acuicultura, sus beneficios y desventajas.","Investigación y presentación sobre acuicultura.","oceano-C08"
"explorando-fuentes-contaminacion.md","Explorando Fuentes de Contaminación","Los participantes exploran el entorno de su escuela o lugar de reunión para identificar posibles fuentes de contaminación puntuales y no puntuales que afectan su cuenca.","Identifica fuentes de contaminación en tu entorno.","agua-C37"
"promesa-del-agua-agua.md","Promesa del Agua","Los participantes reflexionan sobre el uso del agua y crean un cartel con una promesa grupal para conservar el agua, comprometiéndose a usar este recurso de manera responsable.","Crea una promesa grupal para conservar el agua.","agua-B31"
"el-destino-de-los-bosques.md","El Destino de los Bosques","Investiga la cubierta forestal de cada continente y cuánto ha perdido. Crea un póster sobre tus hallazgos.","Investigación sobre pérdida de bosques por continente.","bosques-D05"
"auditoria-de-papel-en-la-escuela.md","Auditoría de papel en la escuela","Averigua cuánto papel se usa en tu escuela y reduce su consumo.","Auditoría de papel escolar.","sacc-A25"
"habitos-animales.md","Hábitos Animales","Observa cómo los animales interactúan con el suelo y presenta tus hallazgos.","Observación de animales y suelo.","suelos-B07"
"se-hidrologico.md","Sé Hidrológico","Los participantes crean carteles con forma de gota de agua con ideas para ahorrar agua, y los colocan en lugares estratégicos para educar a otros sobre el uso responsable del agua.","Crea carteles para ahorrar agua.","agua-E43"
"juego-a-donde-va-el-agua.md","Juego ¿A Dónde Va el Agua?","Los participantes crean y juegan un juego de mesa para aprender cómo las acciones cotidianas pueden ayudar o dañar un cuerpo de agua.","Juego de mesa sobre el cuidado del agua.","agua-C33"
"descubre-los-alimentos-enriquecidos.md","Descubre los Alimentos Enriquecidos","Investiga qué alimentos enriquecidos se producen en tu país y para qué sirven.","Investigación sobre alimentos enriquecidos.","nutricion-B15"
"animales-activos.md","Animales Activos","Juego divertido para moverse más asignando movimientos de animales a cada participante.","Juego de movimiento con animales.","nutricion-A03"
"mira-las-etiquetas.md","Mira las Etiquetas","Investiga etiquetas de sostenibilidad en productos y promueve el consumo responsable.","Análisis de etiquetas de sostenibilidad.","nutricion-D12"
"cancion-viento-o-sol.md","Canción de viento o sol","Crea una canción sobre energía eólica usando la melodía de 'Blowing in the Wind' o sobre energía solar con 'Here Comes the Sun'.","Canta sobre energías renovables.","energia-B04"
"habito-verde.md","Hábito verde","Compromiso de 21 días para adoptar un hábito sostenible y evaluar su impacto en tu estilo de vida.","Adoptar un hábito sostenible por 21 días.","ciudadesverdes-D05"
"investiguen-las-etiquetas-de-los-alimentos.md","Investiguen las Etiquetas de los Alimentos","Investiga la información nutricional de diferentes alimentos y crea una tabla para compartir.","Análisis de etiquetas nutricionales.","nutricion-B07"
"encuesta-sobre-reciclaje.md","Encuesta sobre reciclaje en tu comunidad","Realiza una encuesta a al menos 100 personas sobre sus hábitos de reciclaje y presenta tus hallazgos a las autoridades locales.","Investiga los hábitos de reciclaje de tu comunidad.","plastics-B07"
"debate-energetico.md","Debate energético","Investiga y debate sobre la mejor manera de proporcionar energía sostenible para todos, considerando diferentes perspectivas y soluciones.","Debate sobre el futuro de la energía.","energia-E02"
"nuestro-oceano.md","Nuestro Océano","Investiga datos clave sobre el océano o mar más cercano a tu lugar de residencia y elabora una prueba para tu grupo.","Investigación sobre el océano local.","oceano-A01"
"el-suelo-y-la-salud.md","El Suelo y la Salud","Investiga y crea un póster sobre la conexión entre el suelo y la salud humana.","Conexión entre suelo y salud humana.","suelos-B02"
"genero-y-cambio-climatico.md","Género y cambio climático","Investiga cómo el cambio climático afecta de manera diferente a hombres y mujeres.","Género y vulnerabilidad climática.","sacc-B16"
"la-belleza-esta-en-el-ojo-del-que-mira.md","La belleza está en el ojo del que mira","Concientización sobre el desperdicio de frutas y verduras 'feas' y promoción de su consumo para reducir el desperdicio.","Promover el consumo de frutas y verduras 'feas'.","ciudadesverdes-D03"
"explicacion-multisensorial.md","Explicación multisensorial","Creación de una explicación de la biodiversidad usando múltiples sentidos para hacerla accesible y memorable.","Explicar biodiversidad con múltiples sentidos.","biodiversidad-D12"
"observacion-de-hormigas.md","Observación de hormigas","Observación regular de una colonia de hormigas para entender su comportamiento y su papel en el ecosistema.","Observar colonias de hormigas.","biodiversidad-C20"
"menos-basura-bosques.md","","","",""
"manteniendose-frescos-o-calientes-en-el-pasado.md","Manteniéndose frescos o calientes en el pasado","Investigación sobre métodos tradicionales para mantenerse fresco o caliente sin usar energía, aprendiendo de las prácticas del pasado.","Investigar métodos tradicionales de climatización.","cambioclimatico-D08"
"dibujos-polvorientos.md","Dibujos Polvorientos","Crea pinturas con suelo y haz dibujos con diferentes colores y texturas.","Pintura con suelo.","suelos-B06"
"conectate-con-tu-comunidad.md","Conéctate con tu Comunidad","Crea un blog, red social o boletín informativo sobre RRD para tu comunidad.","Medios comunitarios sobre RRD.","rrd-D06"
"clima-y-estilos-de-vida.md","Clima y estilos de vida","Investigación sobre cómo el clima afecta la calidad de vida, los viajes, la recreación y el bienestar general.","Explorar cómo el clima influye en la calidad de vida.","cambioclimatico-A14"
"energia-hidroelectrica.md","Energía Hidroeléctrica","Construye un molino de agua para entender cómo funciona la energía hidroeléctrica.","Construcción de molino de agua.","agua-B06"
"se-voluntario-en-una-organizacion-comunitaria.md","Sé Voluntario en una Organización Comunitaria","Únete como voluntario a una organización comunitaria que trabaje en temas de nutrición.","Voluntariado en nutrición comunitaria.","nutricion-E11"
"comparte-y-reusa.md","Comparte y reusa","Comparte y reusa tus pertenencias cuando ya no las necesites.","Compartir y reusar pertenencias.","sacc-A27"
"pista-de-obstaculos-del-hambre.md","Pista de Obstáculos del Hambre","Crea estaciones con diferentes problemas de hambre y busca soluciones en grupo.","Simulación de problemas y soluciones del hambre.","hambre-D06"
"sin-agua-corriente-casa.md","Sin Agua Corriente en Casa","Los participantes reflexionan sobre cómo sería la vida sin agua corriente, planificando con su familia cómo recolectar y usar agua de manera limitada.","Reflexiona sobre la vida sin agua corriente.","agua-D36"
"alimentos-sedientos.md","Alimentos Sedientos","Investiga cuánta agua se necesita para producir diferentes alimentos.","Huella hídrica de los alimentos.","agua-B04"
"descubrimiento-monumental.md","Descubrimiento monumental","Exploración de un monumento o sitio patrimonial de tu ciudad para aprender sobre su historia y su importancia cultural.","Explorar un monumento o sitio patrimonial.","ciudadesverdes-A06"
"construi-un-modelo.md","Construí un modelo","Construcción de una maqueta de tu vecindario usando materiales creativos para representar sus elementos urbanos y naturales.","Construir una maqueta de tu vecindario.","ciudadesverdes-A04"
"haz-tu-propio-compost.md","Haz tu propio compost","Creación de un compost casero para reducir residuos orgánicos y mantener saludable el jardín.","Crear compost casero.","cambioclimatico-E09"
"patrones-de-corteza.md","Patrones de Corteza","Visita un arboreto y calca las cortezas de los tres árboles más inusuales. Etiqueta cada árbol con su nombre y origen.","Calcos de cortezas de árboles.","bosques-A05"
"deja-la-botella.md","Deja la Botella","Investiga si el agua del grifo es segura y haz una campaña para cambiar del agua embotellada al agua del grifo.","Campaña contra el agua embotellada.","agua-E06"
"dulces-suenos.md","Dulces Sueños","Registra tu patrón de sueño y analiza la calidad de tu descanso para mejorarlo.","Análisis de hábitos de sueño.","nutricion-A06"
"paisajes-en-peligro.md","Paisajes en Peligro","Crea un modelo de un paisaje agrícola con desastres naturales y soluciones para proteger los cultivos.","Modelo de paisaje agrícola con desastres naturales.","hambre-C03"
"diversion-con-agua.md","Diversión con agua","Los participantes realizan diferentes actividades divertidas con agua para aprender que el agua es esencial para todos los seres vivos.","Aprende sobre la importancia del agua jugando.","agua-A31"
"comida-solar.md","Una comida solar","Utiliza la cocina/horno solar para cocinar en tu grupo, aprendiendo métodos de cocción más sustentables mientras preparas alimentos.","Cocina una comida con energía solar.","gosolar-D01"
"desafio-libre-de-electronicos.md","Desafío libre de electrónicos","Desafío mensual para reducir el uso de dispositivos electrónicos y realizar actividades sin electricidad.","Reducir el uso de electrónicos.","cambioclimatico-E11"
"amenazas-locales.md","Amenazas locales","Investigación de las amenazas a los polinizadores locales y desarrollo de un plan de acción para abordar la más importante.","Identificar y abordar amenazas a polinizadores locales.","polinizadores-C01"
"el-paisaje-sonoro-del-bosque.md","El Paisaje Sonoro del Bosque","Visita un bosque y graba sonidos bióticos y abióticos. Crea una mezcla y compártela con tu grupo.","Grabación y mezcla de sonidos del bosque.","bosques-A23"
"comunicacion-alternativa.md","Comunicación Alternativa","Diseña estrategias de comunicación creativas para difundir el mensaje de acabar con el hambre.","Estrategias creativas contra el hambre.","hambre-E02"
"mejora-tu-dieta-con-la-biodiversidad.md","Mejora tu Dieta con la Biodiversidad","Descubre y prueba diferentes variedades de frutas y verduras para diversificar tu dieta.","Diversificación de la dieta con biodiversidad.","nutricion-D11"
"sed-continental.md","Sed Continental","Investiga la situación hídrica de diferentes continentes y países.","Investigación sobre situación hídrica por continentes.","agua-C06"
"fondos-para-los-bosques.md","","","",""
"diversion-congelada.md","Diversión congelada","Los participantes realizan experimentos con agua y hielo para descubrir las propiedades únicas del agua al congelarse y cómo esto afecta al planeta.","Experimentos divertidos con agua y hielo.","agua-A42"
"listo-para-un-terremoto.md","Listo para un Terremoto","Visita un edificio a prueba de terremotos y aprende sobre sus características de seguridad.","Visita a un edificio resistente a terremotos.","rrd-B07"
"esculpir-un-desastre.md","Esculpir un Desastre","Talla una escultura en un pedazo de madera usando como inspiración un desastre. Usa madera recuperada de desastres o de fuentes sostenibles.","Creación de una escultura inspirada en un desastre natural.","bosques-C14"
"comparti-una-habilidad-verde.md","Día 'Compartí una habilidad verde'","Organización de un día para compartir habilidades verdes entre la comunidad y aprender unos de otros.","Organizar un día para compartir habilidades verdes.","ciudadesverdes-D07"
"empleos-forestales.md","Empleos Forestales","Enumera empleos que dependen de los bosques. Juega un juego de adivinanzas imitando los empleos.","Juego de adivinanzas sobre empleos forestales.","bosques-B04"
"filmando-la-costa.md","Filmando la Costa","Crea un video corto sobre el área costera, sus características, plantas, animales y desafíos de conservación.","Video sobre la costa.","oceano-B09"
"cientificos-incipientes.md","Científicos incipientes","Actividad para explorar diferentes carreras científicas relacionadas con el clima y descubrir qué tipo de científico te gustaría ser.","Descubrir carreras científicas relacionadas con el clima.","cambioclimatico-A06"
"ahorra-agua-en-casa-y-escuela.md","Ahorra agua en casa y escuela","Piensa y dibuja formas de ahorrar agua en tu casa y escuela.","Ideas para ahorrar agua.","sacc-A14"
"crea-un-zumbido.md","Creá un zumbido","Organización de un evento para el Día Mundial de las Abejas (20 de mayo) con demostraciones y acciones concretas para proteger polinizadores.","Organizar un evento por el Día Mundial de las Abejas.","polinizadores-D01"
"donde-esta-el-agua.md","¿Dónde está el agua?","Dibuja un mapa mundial mostrando la distribución del agua dulce en el mundo.","Mapa de distribución mundial del agua.","agua-A17"
"taller-ambiental.md","Taller ambiental","Organización y dirección de un taller sobre un tema ambiental para familias y amigos.","Organizar un taller ambiental.","biodiversidad-D25"
"el-gran-debate-sobre-el-clima.md","El gran debate sobre el clima","Actividad de debate para entender y responder a los puntos de vista de los escépticos del clima.","Debatir sobre el cambio climático y los escépticos.","cambioclimatico-B11"
"manualidad-mosaico-tapas.md","Manualidad de mosaico de tapas de botella","Una actividad creativa que fomenta la reutilización de tapas de botellas de plástico para crear mosaicos artísticos, promoviendo la conciencia sobre el reciclaje y la reducción de residuos.","Crea mosaicos con tapas de botellas de plástico reutilizadas.","plastics-P04"
"tiempo-de-descomposicion.md","Tiempo de descomposición","Averigua cuánto tiempo tarda la basura en descomponerse.","Investigación sobre descomposición de basura.","sacc-A31"
"pesquerias-utiles.md","Pesquerías Útiles","Los participantes exploran los múltiples beneficios que los seres humanos reciben de las pesquerías, desde alimentos hasta empleos, medicinas y recreación.","Explora los beneficios de las pesquerías.","agua-B37"
"agua-por-todas-partes.md","Agua por todas partes","Los participantes reflexionan sobre la cantidad de agua dulce disponible en la Tierra y aprenden sobre la distribución del agua en el planeta.","Descubre cuánta agua dulce hay realmente en el mundo.","agua-A32"
"cientificos-nadadores.md","Científicos Nadadores","Observa la vida bajo el agua nadando en un río, lago o mar.","Observación subacuática de la vida marina.","agua-A18"
"mensaje-de-video.md","Mensaje de Video","Graba un video para difundir un mensaje sobre la importancia de acabar con el hambre.","Creación de video sobre el hambre.","hambre-E03"
"crucigrama-uso-agua.md","Crucigrama del Uso del Agua","Los participantes resuelven un crucigrama para descubrir datos interesantes sobre el uso del agua y el agua oculta en los productos que consumen.","Resuelve un crucigrama sobre el uso del agua.","agua-B39"
"tira-comica-sobre-el-carbon.md","Tira Cómica sobre el Carbón","Descubre cómo partes de un bosque se transformaron en carbón. Crea una tira cómica o novela gráfica explicando el proceso.","Tira cómica sobre la formación del carbón.","bosques-A25"
"frutos-del-mar-sostenibles.md","Frutos del Mar Sostenibles","Aprende sobre productos del mar sostenibles y anima a tu familia a comprarlos.","Consumo responsable de productos del mar.","oceano-E04"
"curso-intensivo-cultural.md","Curso Intensivo Cultural","Investiga el significado cultural del agua en diferentes regiones del mundo.","Significado cultural del agua.","agua-A19"
"debate-amp.md","Debate AMP","Debate sobre la creación de un Área Marina Protegida en tu playa local, representando diferentes roles.","Debate sobre Áreas Marinas Protegidas.","oceano-D09"
"adaptaciones-a-ambientes-secos.md","Adaptaciones a ambientes secos","Investigación de modificaciones inusuales que plantas y animales han desarrollado para adaptarse a ambientes con escasez de agua.","Investigar adaptaciones a la sequía.","biodiversidad-B22"
"presentacion-sobre-habitos-sostenibles.md","Presentación sobre hábitos sostenibles","Haz una presentación sobre hábitos amigables con el medio ambiente.","Presentación sobre sostenibilidad.","sacc-C20"
"colecta-de-dinero.md","Haz una Colecta de Dinero","Organiza un evento para recaudar fondos para niños afectados por desastres.","Recaudación de fondos para niños en desastres.","rrd-D07"
"alimentos-vs-combustibles.md","Alimentos vs combustibles","Investiga el debate sobre biocombustibles vs. seguridad alimentaria, y realiza un debate con tu grupo sobre este tema controvertido.","Debate sobre biocombustibles y alimentos.","energia-B12"
"dibujos-cadena-alimentaria.md","Dibujos de la cadena alimentaria","Investiga las cadenas y redes alimentarias de tu área local y dibújalas. Conecta tu comida favorita con los productores y el ciclo del carbono.","Explora las cadenas alimentarias locales.","energia-A02"
"aventura-de-planificacion-urbana.md","Aventura de planificación urbana","Investigación sobre planificación urbana para aprender cómo los diseñadores construyen ciudades sostenibles.","Aprender sobre planificación urbana.","ciudadesverdes-C08"
"cual-es-tu-posicion.md","¿Cuál es tu posición sobre...?","Los participantes exploran sus actitudes, valores y perspectivas sobre sostenibilidad y naturaleza, posicionándose en una línea según su nivel de acuerdo con afirmaciones.","Explora tus valores sobre sostenibilidad.","cfn-A07"
"bosques-alrededor-del-mundo.md","Bosques Alrededor del Mundo","Aprende cómo decir 'bosque' y 'árbol' en diez idiomas diferentes. En un mapa del mundo, escribe las palabras en cada país.","Investigación lingüística sobre palabras para bosque y árbol.","bosques-C06"
"los-colores-del-agua.md","Los Colores del Agua","Fotografía diferentes tipos de agua y los colores que puede tener.","Fotografía de los colores del agua.","agua-A12"
"fiesta-de-mascaras-marinas.md","Fiesta de máscaras marinas","Organización de una fiesta de máscaras con disfraces de animales marinos para aprender sobre especies oceánicas.","Celebrar una fiesta de máscaras marinas.","biodiversidad-B24"
"construye-un-pozo.md","Construye un Pozo","Investiga organizaciones benéficas de agua y organiza una recaudación de fondos para un proyecto.","Recaudación de fondos para proyectos de agua.","agua-E04"
"deforestacion-y-degradacion.md","Deforestación y Degradación","Investiga qué porción de tu país está cubierta por bosques y cuál es la tasa de deforestación. Comparte tus hallazgos de forma creativa.","Investigación sobre deforestación y degradación forestal.","bosques-D09"
"calentamiento-de-la-tierra.md","Calentamiento de la Tierra","Experimento para ver cómo diferentes superficies (suelo, arena, agua) absorben y retienen el calor del Sol.","Descubre qué superficies se calientan más con el Sol.","energia-A11"
"reduce-tu-huella-de-cambio-climatico.md","Reduce tu huella de cambio climático","Reflexiona sobre tu impacto ambiental y haz un plan para reducirlo.","Plan de reducción de huella de carbono.","sacc-A02"
"cuidemos-nuestro-medio-ambiente.md","Cuidemos nuestro medio ambiente","Discute cómo consumes energía y haz un plan para reducirla.","Plan de reducción de energía.","sacc-A01"
"los-bosques-y-el-cambio-climatico.md","Los Bosques y el Cambio Climático","Investiga qué gases estaban presentes en la atmósfera históricamente y compáralos con los actuales. Comparte tus hallazgos con tu grupo.","Investigación sobre gases atmosféricos y cambio climático.","bosques-D12"
"arboles-energeticos.md","Árboles Energéticos","Investiga de qué formas se usan los recursos forestales como fuentes de energía. Crea un mini-modelo de tu invención energética.","Investigación sobre energía forestal y creación de un modelo.","bosques-B10"
"es-dificil-pasarse-del-h2o.md","Es Difícil Pasarse del H₂O","Experimenta un día sin usar agua para entender la realidad de quienes no tienen acceso.","Desafío de un día sin usar agua.","agua-B02"
"es-verde-tu-escuela.md","¿Es verde tu escuela?","Evaluación de la sostenibilidad de tu escuela en áreas como huella de carbono, reciclaje y desperdicio de alimentos.","Evaluar la sostenibilidad de tu escuela.","ciudadesverdes-B06"
"medios-sociales.md","Medios Sociales","Usa las redes sociales para crear conciencia sobre los suelos.","Campaña en redes sociales sobre el suelo.","suelos-D11"
"el-cuerpo-humano-y-la-comida.md","El Cuerpo Humano y la Comida","Crea un póster del cuerpo humano etiquetando qué alimentos son buenos para cada parte del cuerpo.","Póster sobre alimentos y partes del cuerpo.","nutricion-B08"
"guardabosques.md","Guardabosques","Haz una entrevista a un guardabosques o guarda parques. Comparte los hallazgos con tu grupo.","Entrevista a un guardabosques.","bosques-B06"
"plantacion-de-arboles.md","Aprendamos sobre la plantación de árboles","Los participantes visitan un vivero de árboles, invernadero o jardín para aprender sobre el cultivo y la plantación de árboles, y el proceso de reforestación.","Aprende a plantar árboles.","cfn-B08"
"inventa-un-juego-o-juguete.md","Inventa un juego o juguete","Inventa un juego o juguete con materiales naturales o reciclados.","Juego o juguete reciclado.","sacc-C16"
"participa-en-el-plan-de-tu-ciudad.md","Participá en el plan de tu ciudad","Participación activa en la planificación de la ciudad a través de consejos juveniles, municipios y redes sociales.","Participar en la planificación de tu ciudad.","ciudadesverdes-D08"
"ciudadano-del-agua.md","Ciudadano del Agua","Escribe a tu representante de gobierno sobre un tema del agua que te preocupa.","Carta a representante sobre temas del agua.","agua-E07"
"filtros-de-agua-naturales.md","Filtros de agua naturales","Investigación de especies filtradoras y construcción de un filtro de agua con materiales naturales o reciclados.","Construir un filtro de agua natural.","biodiversidad-B10"
"adopta-un-area-natural.md","Adopta un área natural","Adopción y limpieza de un área natural para hacer un inventario de su biodiversidad y dependencias entre especies.","Adoptar y limpiar un área natural.","biodiversidad-C29"
"aventuras-gota-agua.md","Las Aventuras de una Gota de Agua","Los participantes crean una historia creativa sobre el viaje de una gota de agua a través del ciclo del agua, mostrando cómo se mueve entre diferentes estados y lugares.","Crea la historia de una gota de agua.","agua-B42"
"inspiracion-literaria.md","Inspiración Literaria","Lee poemas, historias u obras de teatro sobre los bosques. Comparte tus respuestas y escribe tu propia obra inspirada en el bosque.","Análisis y creación literaria inspirada en bosques.","bosques-C08"
"entrevista-con-un-experto.md","Entrevista con un Experto","Entrevista a autoridades locales sobre seguridad alimentaria y nutrición en tu comunidad.","Entrevista sobre seguridad alimentaria.","nutricion-C08"
"impactos-sociales.md","Impactos sociales de la energía","Investiga los impactos sociales positivos y negativos de una planta de energía en una comunidad local o de otro país.","Descubre cómo la energía afecta a las comunidades.","energia-D10"
"corre-que-te-cazo.md","Corre que te cazo","Juego dinámico para entender cómo el cambio climático afecta a los osos polares y su capacidad para alimentarse.","Juego para entender el impacto en osos polares.","cambioclimatico-C03"
"evento-benefico.md","Evento benéfico","Organiza una carrera, concierto o bazar para recaudar fondos ambientales.","Evento benéfico ambiental.","sacc-C29"
"grupo-de-investigacion.md","Grupo de investigación","Diseña y lleva a cabo tu propio grupo de investigación sobre el cambio climático.","Grupo de investigación climática.","sacc-C11"
"cuidado-con-lo-que-desperdicias.md","Cuidado con lo que Desperdicias","Vigila el desperdicio de comida en tu casa durante una semana y busca formas de reducirlo.","Auditoría de desperdicio de alimentos.","nutricion-D02"
"bioevaluacion-macroinvertebrados.md","Bioevaluación de macroinvertebrados","Los participantes simulan una bioevaluación de un arroyo usando objetos para representar macroinvertebrados y determinar la calidad del agua.","Simula una evaluación de la calidad del agua.","agua-A47"
"educa-a-tu-comunidad.md","Educa a tu Comunidad","Inicia un programa educativo sobre dietas sanas para tu comunidad con talleres y charlas.","Programa educativo sobre nutrición.","nutricion-E09"
"inventen-un-juego-nutricion.md","Inventen un Juego","Crea un juego educativo sobre nutrientes y grupos alimenticios para compartir con tu familia y amigos.","Creación de juego educativo sobre nutrición.","nutricion-B05"
"polinizadores.md","Polinizadores","Investigación sobre los vínculos entre la vida aérea y los alimentos, visitando un colmenar o invitando a un apicultor.","Investigar polinizadores y su importancia.","biodiversidad-A18"
"perdiendo-biodiversidad.md","Perdiendo Biodiversidad","Elige tu animal favorito del bosque entre aquellos que están enfrentando la extinción y haz un póster para describir su situación actual y cómo podría ser protegido.","Investigación sobre un animal en peligro de extinción.","bosques-D02"
"algunos-objetivos-azules.md","Algunos Objetivos Azules","Los participantes investigan los Objetivos de Desarrollo del Milenio (ODM) y su relación con el agua y el saneamiento, presentando sus hallazgos al grupo.","Investiga los ODM y el agua.","agua-D49"
"perdidas-y-ganancias-del-cultivo.md","Pérdidas y Ganancias del Cultivo","Visita una granja local para aprender sobre el mantenimiento de suelos fértiles.","Visita a una granja para aprender sobre el suelo.","suelos-A09"
"operacion-contra-la-basura.md","Operación contra la basura","Los jóvenes realizan una encuesta comunitaria para identificar las causas del comportamiento de tirar basura, entrevistando a personas de diferentes edades y analizando los factores que contribuyen a este problema ambiental.","Investiga las causas del comportamiento de tirar basura.","plastics-P19"
"en-sus-zapatos.md","En Sus Zapatos","Ayuna durante un día completo para experimentar el hambre y reflexionar sobre la experiencia de quienes no tienen certeza de cuándo volverán a comer.","Experiencia de ayuno para comprender el hambre.","hambre-A12"
"alimentos-extranjeros.md","Alimentos Extranjeros","Investiga recetas de otros países y cocina una comida. Compara los ingredientes y la nutrición con los platos típicos de tu país.","Investigación y cocina de recetas internacionales.","hambre-A05"
"empuje-del-viento.md","Empuje del viento","Observa cómo el viento ayuda a diferentes organismos, vuela una cometa y haz un molinillo para entender la energía del viento.","Explora la fuerza del viento en la naturaleza.","energia-A03"
"historieta-sobre-el-hambre.md","Historieta sobre el Hambre","Crea una historieta sobre un aventurero que descubre las diferencias entre la vida de ricos y pobres.","Creación de una historieta sobre el hambre.","hambre-C09"
"informe-de-prensa.md","Informe de Prensa","Haz una entrevista a una persona indígena sobre un desafío que enfrente su pueblo con relación a los bosques. Escribe un reportaje o crea un show de radio.","Entrevista a una persona indígena sobre desafíos forestales.","bosques-C18"
"escasez-de-agua.md","Escasez de Agua","Los participantes investigan el uso del agua en diferentes países y simulan la distribución desigual del agua para comprender el problema de la escasez de agua en el mundo.","Investiga la escasez de agua en el mundo.","agua-C46"
"bolsa-reutilizable.md","Bolsa reutilizable","Usa una bolsa reutilizable en lugar de fundas plásticas.","Uso de bolsa reutilizable.","sacc-A26"
"visita-al-mercado-local-fibras.md","Visita al mercado local - fibras","Visita un mercado local para aprender sobre productos y textiles locales e importados.","Investigación de productos locales e importados.","sacc-C02"
"si-si-no.md","Sí, Sí No","Analiza cómo el cumplimiento o incumplimiento de cada ODM afecta la erradicación del hambre.","Análisis de los ODM y su impacto en el hambre.","hambre-D08"
"vida-marina.md","Vida Marina","Investiga la vida marina y crea un dibujo, collage o modelo de la vida bajo el agua.","Investigación y arte sobre vida marina.","oceano-B01"
"yoga-animal.md","Yoga animal","Clase de yoga imitando los movimientos de diferentes animales para aprender sobre sus formas de movimiento.","Practicar yoga imitando animales.","biodiversidad-D19"
"comida-sin-polinizadores.md","Comida sin polinizadores","Creación de un menú semanal sin alimentos que dependan de polinizadores para reflexionar sobre su importancia.","Crear un menú sin alimentos polinizados.","polinizadores-C03"
"fuerzas-locales.md","Fuerzas locales","Contacto con las autoridades ambientales locales para conocer sus acciones en protección de polinizadores y proponer mejoras.","Involucrarse con autoridades ambientales locales.","polinizadores-D07"
"el-banquete-del-hambre.md","El Banquete del Hambre","Organiza un 'Banquete del Hambre' donde los participantes reciben comidas según diferentes niveles de ingreso para reflexionar sobre la desigualdad.","Simulación de la desigualdad alimentaria.","hambre-A02"
"ubicacion-del-oceano.md","Ubicación del Océano","Identifica los cinco océanos principales y los mares en un mapa del mundo.","Identificación de océanos y mares.","oceano-A10"
"reducir-reutilizar-reciclar-energia.md","Reducir, reutilizar, reciclar","Crea un sistema visual con cajas para entender el orden correcto: reducir, reutilizar y reciclar, y comprométete a un cambio personal.","Aprende el orden correcto para cuidar el planeta.","energia-C03"
"dia-del-lavado-de-manos.md","Día del Lavado de Manos","Los participantes organizan una campaña educativa sobre el lavado de manos utilizando títeres para enseñar a otros sobre la importancia de este hábito para prevenir enfermedades.","Campaña de lavado de manos con títeres.","agua-E40"
"planta-tus-propias-verduras.md","Planta tus Propias Verduras","Cultiva tus propias frutas, verduras y especias en el jardín, balcón o huerto comunitario.","Cultivo de verduras y especias.","nutricion-D07"
"dinero-inteligente.md","Dinero Inteligente","Investiga soluciones innovadoras para el financiamiento del riesgo de desastres.","Financiamiento innovador para riesgo de desastres.","rrd-C09"
"plasticos-de-un-solo-uso-en-la-escuela.md","Plásticos de un solo uso en la escuela","Identifica los plásticos de un solo uso que se usan regularmente en la escuela y aprende a reducir, reutilizar y reciclar.","Auditoría de plásticos en el entorno escolar.","plastics-A03"
"huellas-mas-pequenas.md","Huellas Más Pequeñas","Identifica cómo reducir tus emisiones de gases de efecto invernadero y comprométete a hacer cambios.","Compromiso para reducir la huella de carbono.","oceano-D01"
"puntos-calientes-de-biodiversidad.md","Puntos calientes de biodiversidad","Investigación sobre los puntos calientes (hotspots) de biodiversidad y su importancia para la conservación.","Investigar puntos calientes de biodiversidad.","biodiversidad-D11"
"reduciendo-mi-huella-carbono.md","Reduciendo mi huella de carbono","Juego en círculo para compartir ideas simples sobre cómo cada persona puede reducir su huella de carbono en la vida diaria.","Comparte ideas para reducir tu huella de carbono.","energia-C05"
"se-una-mariposa-social.md","Sé una mariposa social","Lanzamiento de una campaña en redes sociales para informar y movilizar a amigos y familiares en la protección de los polinizadores.","Crear una campaña en redes sociales para polinizadores.","polinizadores-D08"
"historias-solares.md","Historias solares","Investiga el rol del Sol en una cultura o religión específica y crea una exhibición estilo museo con dibujos y explicaciones.","Descubre la importancia cultural del Sol.","energia-A01"
"el-maestro-del-menu.md","El Maestro del Menú","Prepara un menú semanal con cenas saludables y equilibradas, variando los grupos de alimentos y las culturas culinarias.","Creación de menú semanal saludable.","nutricion-B16"
"relevamiento-de-polinizadores.md","Relevamiento de polinizadores","Relevamiento de polinizadores en tu jardín, parque o escuela para identificar especies y su relación con las flores.","Identificar polinizadores en tu entorno.","polinizadores-A01"
"bombillas-ahorradoras-de-energia.md","Bombillas ahorradoras de energía","Reemplaza bombillas comunes por bombillas ahorradoras de energía.","Cambio a bombillas eficientes.","sacc-A07"
"comercial-de-biodiversidad.md","Comercial de biodiversidad","Creación de un comercial sobre biodiversidad para publicar en YouTube y monitorear su impacto.","Crear un comercial sobre biodiversidad.","biodiversidad-D22"
"menos-television-y-computador.md","Menos televisión y computador","Comprométete a usar menos tiempo la televisión y el computador.","Reducción de tiempo frente a pantallas.","sacc-A03"
"pesca-excesiva.md","Pesca Excesiva","Investiga cómo ha cambiado la pesca a lo largo de los años y escribe un artículo periodístico.","Investigación sobre la pesca excesiva.","oceano-D07"
"excursion-de-campo-polinizadores.md","Excursión de campo","Visita a una granja local para aprender sobre agricultura sostenible y el papel de los polinizadores.","Visitar una granja para aprender sobre agricultura sostenible.","polinizadores-C02"
"solo-lluvia-desague-pluvial.md","Solo Lluvia por el Desagüe Pluvial","Los participantes crean una campaña de concienciación sobre la importancia de no verter contaminantes en los desagües pluviales, ya que todo lo que entra en ellos llega directamente a los cursos de agua.","Campaña para proteger los desagües pluviales.","agua-E38"
"conservacion-in-situ-y-ex-situ.md","Conservación in-situ y ex-situ","Investigación sobre los métodos de conservación in-situ y ex-situ y su aplicación en la biodiversidad.","Investigar conservación in-situ y ex-situ.","biodiversidad-D13"
"biomimesis.md","Biomímesis","Exploración de inventos humanos inspirados en la naturaleza y descubrimiento de sus equivalentes naturales.","Descubrir inventos inspirados en la naturaleza.","biodiversidad-D21"
"recursos-para-producir-alimentos.md","Recursos para producir alimentos","Investiga cuánta energía, agua y recursos se necesitan para producir diferentes alimentos.","Huella de recursos de los alimentos.","sacc-B10"
"alimentos-justos.md","Alimentos Justos","Aprende sobre el Comercio Justo, busca productos con el sello y promueve su consumo.","Promoción del Comercio Justo.","hambre-E10"
"podcasts-de-biodiversidad.md","Podcasts de biodiversidad","Escucha de podcasts o documentales sobre especies interesantes para aprender sobre biodiversidad.","Escuchar podcasts sobre especies.","biodiversidad-D03"
"diario-verde.md","Diario verde","Comienza un diario para registrar tus esfuerzos por una vida más sostenible.","Diario de vida sostenible.","sacc-A36"
"revision-de-la-covid-19.md","Revisión de la COVID-19","Reflexión sobre el impacto de la pandemia de COVID-19 en la vida urbana y las lecciones aprendidas.","Reflexionar sobre el impacto de la COVID-19 en la ciudad.","ciudadesverdes-B03"
"censo-de-vida-marina.md","Censo de Vida Marina","Explora el Censo de Vida Marina y crea una obra sobre una especie desconocida.","Investigación sobre especies marinas.","oceano-B04"
"invernaculo-para-anfibios.md","Invernáculo para anfibios","Construcción de un invernáculo para anfibios que proporcione un hábitat adecuado para su hibernación.","Construir un invernáculo para anfibios.","biodiversidad-B08"
"la-naturaleza-al-rescate.md","La naturaleza al rescate","Investigación sobre soluciones basadas en la naturaleza que se implementan en tu ciudad.","Investigar soluciones basadas en la naturaleza.","ciudadesverdes-C09"
"luces-camara-accion.md","Luces, cámara, acción","Crea un cortometraje o sketch para educar a tu comunidad sobre cómo ahorrar energía todos los días.","Haz un video sobre ahorro de energía.","energia-E10"
"obras-de-teatro-energia.md","Obras de teatro sobre energía","Escribe y representa una obra de teatro que demuestre las diferencias entre las formas de energía: cinética, potencial, mecánica, etc.","Actúa las formas de energía.","energia-C11"
"el-agua-es-el-camino.md","El agua es el camino","Los participantes aprenden por qué el agua es vital para el bienestar de todas las formas de vida a través de un juego de búsqueda de ideas.","Descubre por qué el agua es esencial para la vida.","agua-A35"
"hora-de-limpiar.md","Hora de Limpiar","Limpia un río, estanque, lago o playa en tu área y convierte la basura en arte.","Limpieza de fuentes de agua y arte con basura.","agua-E02"
"al-blog-bosques.md","","","",""
"cual-es-tu-ciudad-favorita.md","¿Cuál es tu ciudad favorita?","Investigación sobre una ciudad del mundo para analizar sus características sociales, económicas, culturales y ambientales.","Investigar tu ciudad favorita del mundo.","ciudadesverdes-A03"
"el-juego-del-ciclo-del-agua.md","El Juego del Ciclo del Agua","Aprende el ciclo del agua a través de un juego de cartas y un experimento.","Juego y experimento sobre el ciclo del agua.","agua-A06"
"verde-o-rojo.md","Verde o Rojo","Los participantes consideran afirmaciones sobre estilo de vida saludable y sostenibilidad, y votan si están de acuerdo o en desacuerdo usando tarjetas verdes y rojas.","Vota sobre hábitos sostenibles.","cfn-A03"
"brujula-solar-reloj.md","Brújula solar - Método del Reloj","Aprende a orientarte usando un reloj de agujas y el Sol, descubriendo cómo encontrar el Norte a partir de la posición del Sol.","Encuentra el Norte con tu reloj y el Sol.","gosolar-A04"
"reciclaje-de-aguas-grises.md","Reciclaje de aguas grises","Investigación sobre el reciclaje de aguas grises y diseño de un sistema ideal para el hogar o la escuela.","Investigar y diseñar reciclaje de aguas grises.","biodiversidad-B20"
"alimentos-de-la-realeza.md","Alimentos de la Realeza","Reflexiona sobre el concepto de soberanía alimentaria y cómo se relaciona con el hambre. Escribe una historia o dramatización.","Reflexión sobre soberanía alimentaria.","hambre-B07"
"vida-saludable.md","Vida Saludable","Los participantes preparan un plan de ejercicios para su grupo scout y reflexionan sobre la importancia de una vida saludable durante un mes.","Implementa un plan de ejercicios mensual.","mundomejor-E07"
"no-madereros-y-no-son-buenos.md","No Madereros y No Son Buenos","Investiga productos forestales no madereros (PFNM) y su producción sostenible. Analiza el aceite de palma y otros PFNM en tu hogar.","Investigación sobre productos forestales no madereros y consumo sostenible.","bosques-D11"
"pasa-la-voz.md","Pasa la Voz","Organiza un evento para concienciar sobre el agua o recaudar fondos para proyectos hídricos.","Evento de concienciación sobre el agua.","agua-E01"
"el-suelo-en-escena.md","El Suelo en Escena","Crea una obra de teatro sobre una comunidad que enfrenta daños al suelo.","Obra de teatro sobre la protección del suelo.","suelos-D12"
"senales-de-animales.md","Señales de animales","Búsqueda de señales de animales en un área natural para aprender sobre su presencia y comportamiento.","Buscar señales de animales en la naturaleza.","biodiversidad-C25"
"midiendo-la-energia.md","Midiendo la energía","Investiga las unidades de medición de energía (julio, kilovatio-hora, caloría) y analiza cómo se aplican en tu vida diaria.","Aprende a medir la energía.","energia-C12"
"agua-y-salud-humana.md","Agua y Salud Humana","Los participantes investigan y escriben un artículo periodístico sobre la relación entre la disponibilidad de agua y la salud humana, reflexionando sobre el acceso al agua potable en el mundo.","Artículo sobre agua y salud.","agua-D43"
"haz-ruido.md","¡Haz Ruido!","Organiza un evento ruidoso (concierto, teatro, musical) para llamar la atención sobre el hambre.","Evento creativo contra el hambre.","hambre-E05"
"debate-sobre-ciudades-verdes.md","Debate sobre ciudades verdes","Debate estructurado sobre los pros y contras de la urbanización para desarrollar habilidades de argumentación.","Debatir sobre los pros y contras de la urbanización.","ciudadesverdes-B09"
"haz-un-collage.md","Haz un Collage","Crea un collage de una dieta sana y respetuosa con el medio ambiente usando revistas viejas.","Collage de dieta sostenible.","nutricion-D05"
"recuerdos-acuaticos.md","Recuerdos acuáticos","Los participantes escriben un ensayo o hacen un dibujo sobre una experiencia memorable que hayan tenido con el agua.","Comparte tus recuerdos más especiales con el agua.","agua-A33"
"electricidad-en-todas-partes.md","Electricidad en todas partes","Actividad para tomar conciencia de la cantidad de electricidad que usamos diariamente y aprender a ahorrarla.","Contar interruptores y tomas eléctricas para tomar conciencia del consumo.","cambioclimatico-B04"
"mapea-el-impacto.md","Mapea el impacto","Actividad obligatoria para crear un mapa geográfico mostrando los impactos del cambio climático en diferentes ecosistemas del mundo.","Crear un mapa de impactos del cambio climático.","cambioclimatico-C01"
"articula-energia.md","Articula la energía","Juego de definiciones donde explicas una palabra relacionada con energía sin decirla, o la actúas con mímica.","Adivina palabras de energía.","energia-D06"
"ciudades-verdes-en-el-cine.md","Ciudades verdes en el cine","Proyección y análisis de películas o documentales sobre ciudades verdes para inspirar ideas y soluciones.","Ver y analizar películas sobre ciudades verdes.","ciudadesverdes-C07"
"planta-de-agua-potable.md","Planta de Agua Potable","Visita o investiga sobre la compañía local de suministro de agua potable.","Investigación sobre el suministro de agua potable local.","agua-B05"
"comidas-favoritas.md","Comidas Favoritas","Explora los nutrientes de tus comidas favoritas y busca formas de hacerlas más saludables y sostenibles.","Análisis y mejora de comidas favoritas.","nutricion-B03"
"oiga-doctor.md","Oiga, Doctor","Invita a un doctor o nutricionista para que responda preguntas sobre salud, dieta y ejercicio.","Charla con profesional de la salud.","nutricion-A07"
"en-estado-verde.md","En estado verde","Organizar una fiesta de eficiencia energética demostrando formas prácticas de ahorrar energía en eventos sociales.","Organizar una fiesta energéticamente eficiente.","cambioclimatico-E14"
"vehiculos-maravillosos.md","Vehículos maravillosos","Actividad creativa para diseñar un vehículo que no dañe el medio ambiente y explore fuentes de energía sostenibles.","Diseñar un vehículo ecológico.","cambioclimatico-D04"
"agua-en-las-noticias.md","Agua por Todas Partes","Los participantes crean un álbum de recortes con artículos y fotografías sobre el agua, reflexionando sobre su importancia y presencia en los medios.","Crea un álbum de recortes sobre el agua.","agua-B41"
"espiando-el-oceano.md","Espiando el océano","Actividad creativa para crear cajas para espiar el océano y reflexionar sobre lo que está sucediendo con los ecosistemas marinos.","Crear cajas para espiar el océano.","cambioclimatico-C05"
"terrario.md","Terrario","Creación de un ecosistema miniatura en un terrario para observar el crecimiento de plantas y la biodiversidad.","Crear un ecosistema miniatura.","biodiversidad-C28"
"jardineria-verde.md","","","",""
"a-limpiar-la-playa.md","A Limpiar la Playa","Organiza una limpieza de playa, clasifica y pesa la basura encontrada, y crea una exposición educativa.","Limpieza de playa y exposición sobre basura marina.","oceano-E01"
"voluntariado.md","Voluntariado","Participación como voluntario en una organización de conservación ambiental para contribuir activamente a la protección del medio ambiente.","Voluntariado en conservación ambiental.","cambioclimatico-E18"
"dia-mundial-de-los-oceanos.md","Día Mundial de los Océanos","Organiza una celebración del Día Mundial de los Océanos en tu escuela o comunidad.","Celebración del Día Mundial de los Océanos.","oceano-E05"
"el-agua-en-tu-armario.md","El Agua en tu Armario","Descubre cuánta agua se utilizó para fabricar tus posesiones favoritas.","Huella hídrica de posesiones.","agua-B11"
"supervisar-una-dieta-equilibrada.md","Supervisar una Dieta Equilibrada","Supervisa los alimentos del comedor escolar y haz recomendaciones para mejorarlos.","Auditoría de la dieta escolar.","nutricion-E08"
"arte-reciclado.md","Arte reciclado","Crear obras de arte con materiales de desecho para concienciar sobre la importancia del reciclaje.","Crear arte con materiales reciclados.","cambioclimatico-E15"
"un-bosque-para-todas-las-estaciones.md","Un Bosque para Todas las Estaciones","Visita un bosque local en al menos dos estaciones diferentes. Registra tus observaciones y compártelas creativamente.","Observación estacional del bosque.","bosques-A10"
"hora-de-la-energia-verde.md","Hora de la energía verde","Investigación sobre fuentes de energía renovable y cómo reducir el consumo de energía en el hogar.","Investigar energía renovable y ahorro.","cambioclimatico-D11"
"clases-de-animales.md","Clases de Animales","Busca un ejemplo de cada clase de animal que viva en el bosque y juega un juego de adivinanzas con tu grupo.","Juego de adivinanzas sobre clases de animales del bosque.","bosques-A19"
"rayos-de-sol-movil.md","Rayos de sol","Crea un móvil del Sol con 8 rayos que expliquen cómo influye el Sol en la vida en la Tierra: luz, calor, vientos, plantas, etc.","Construye un móvil para recordar la importancia del Sol.","energia-A04"
"recicla-tu-propio-papel.md","Recicla tu propio papel","Actividad práctica para fabricar papel reciclado casero a partir de papel de desecho, aprendiendo sobre el proceso de reciclaje.","Fabricar papel reciclado casero.","cambioclimatico-E08"
"fabulas-de-trabajo-en-equipo.md","Fábulas de Trabajo en Equipo","Crea una historia colaborativa sobre la formación del suelo.","Historia colaborativa sobre el suelo.","suelos-A03"
"letrero-no-propagandas.md","Letrero No Propagandas","Diseña un letrero para reducir el papel no deseado.","Reducción de publicidad no deseada.","sacc-A20"
"comida-sedienta.md","Comida Sedienta","Investiga cuánta agua se necesita para producir diferentes alimentos y busca alternativas sostenibles.","Investigación sobre el agua en los alimentos.","nutricion-D14"
"portal-indicadores-agua.md","El Portal de Indicadores Clave del Agua","Los participantes exploran el Portal de Indicadores Clave del Agua (KWIP) de UN-Water para descubrir estadísticas sobre los recursos hídricos y sus usos alrededor del mundo.","Explora estadísticas mundiales sobre el agua.","agua-B40"
"un-regalo-acuoso.md","Un regalo acuoso","Creación de una fuente de agua para polinizadores en tu jardín escolar o del hogar.","Crear una fuente de agua para polinizadores.","polinizadores-D04"
"salud-agua.md","Salud","Invita a un experto para aprender sobre enfermedades relacionadas con el agua.","Prevención de enfermedades relacionadas con el agua.","agua-D06"
"investigaciones-urbanas.md","Investigaciones urbanas","Investigación sobre las ciudades con mayores niveles de CO2 atmosférico y las soluciones que están implementando.","Investigar ciudades con altos niveles de CO2.","cambioclimatico-B13"
"estudios-sobre-el-oceano.md","Estudios sobre el Océano","Diseña un plan de investigación para estudiar un ecosistema marino de tu interés.","Plan de investigación de un ecosistema marino.","oceano-C10"
"tu-propia-cuenca.md","Tu propia cuenca hidrográfica","Los participantes crean un modelo de cuenca hidrográfica para entender el movimiento natural del agua a través de ella.","Construye tu propia cuenca hidrográfica.","agua-A40"
"dispersion-de-semillas.md","Dispersión de semillas","Experimento para entender cómo las semillas se dispersan en la naturaleza a través de animales y otros medios.","Experimentar la dispersión de semillas.","biodiversidad-C22"
"club-verde.md","Club verde","Creación de un grupo para promover caminar o andar en bicicleta como alternativa saludable y ecológica al automóvil.","Crear un club para promover movilidad sostenible.","ciudadesverdes-C01"
"explorando-el-paisaje.md","Explorando el Paisaje","Visita un lugar natural y analiza su vulnerabilidad ante amenazas.","Análisis de vulnerabilidad del paisaje.","rrd-B01"
"hablar-sobre-tabus.md","Hablar sobre Tabús","Investiga alimentos prohibidos en diferentes religiones y culturas, y su impacto nutricional.","Investigación sobre tabús alimenticios.","nutricion-B20"
"ideas-internacionales-energia.md","Ideas internacionales sobre energía","Habla con amigos de otros países sobre sus hábitos energéticos. ¿Qué es más 'verde' en su estilo de vida? ¿Qué pueden aprender el uno del otro?","Comparte ideas energéticas internacionales.","energia-D08"
"biopiratas.md","¡Biopiratas!","Organiza un debate sobre bioprospección versus biopiratería. Un lado representa a los investigadores y compañías, el otro a las comunidades indígenas.","Debate sobre bioprospección y biopiratería.","bosques-B13"
"aprendan-mas-cosas.md","Aprendan Más Cosas","Utiliza los materiales de Alimentarnos bien para estar sanos para aprender sobre macronutrientes y micronutrientes.","Estudio sobre macronutrientes y micronutrientes.","nutricion-B06"
"intercambio-internacional-de-alimentos.md","Intercambio Internacional de Alimentos","Juego de cartas que simula el comercio internacional de alimentos, mostrando las desigualdades entre países ricos y pobres.","Simulación del comercio internacional de alimentos.","hambre-C05"
"en-marcha-rrd.md","¡En Marcha!","Investiga el desplazamiento de personas debido a desastres y cambio climático.","Investigación sobre desplazados por desastres.","rrd-A07"
"trepando-arboles.md","Trepando Árboles","Investiga trabajos donde las personas necesitan trepar árboles. Comparte tus hallazgos y, con supervisión, intenta trepar un árbol.","Investigación sobre trabajos que requieren trepar árboles.","bosques-B05"
"visita-al-mercado-local.md","Visita al mercado local","Visita el mercado local para aprender sobre los alimentos que compra la gente.","Visita al mercado.","sacc-B03"
"carta-a-autoridades.md","Carta a autoridades","Redacción de una carta a las autoridades locales sobre un asunto de biodiversidad con propuestas de soluciones.","Escribir a autoridades sobre biodiversidad.","biodiversidad-D30"
"modelo-de-cuenca-de-agua.md","Modelo de cuenca de agua","Actividad obligatoria para construir un modelo de cuenca de agua local y comprender su funcionamiento.","Construir un modelo de cuenca de agua.","biodiversidad-B01"
"escribamos-por-saneamiento.md","Escribamos por el Saneamiento","Los participantes reflexionan sobre el saneamiento y su relación con los derechos humanos, y escriben una carta a sus representantes locales para promover mejoras en el acceso a agua y saneamiento.","Escribe una carta por el saneamiento.","agua-C51"
"tu-bosque-favorito.md","Tu Bosque Favorito","Busca diferentes bosques alrededor del mundo y elige uno que te parezca especialmente bonito. Crea un póster y preséntalo a tu grupo.","Investigación sobre un bosque favorito y presentación.","bosques-D07"
"pozas-de-marea.md","Pozas de marea","Observación de flora y fauna en pozas de marea y construcción de un visor subacuático para explorar la vida marina.","Explorar pozas de marea con visor subacuático.","biodiversidad-B26"
"un-acto-de-balance.md","Un Acto de Balance","Experimenta caminar con un peso en la cabeza para entender lo que enfrentan muchas mujeres y niños al recolectar agua.","Simulación del peso de recolectar agua.","agua-D03"
"construccion-de-estanque.md","Construcción de estanque","Creación de un nuevo estanque como hábitat para insectos, anfibios y plantas nativas.","Construir un estanque para biodiversidad.","biodiversidad-B09"
"los-lunes-sin-carne.md","Los Lunes sin Carne","Reduce el impacto ambiental de tu dieta con un día sin carne a la semana.","Día sin carne para una dieta sostenible.","nutricion-D13"
"semana-sin-plastico.md","Semana sin plástico","Comprométete a pasar una semana completa sin usar plásticos de un solo uso con un grupo de amigos.","Una semana sin plásticos de un solo uso.","plastics-C06"
"hogar-dulce-hogar.md","Hogar Dulce Hogar","Investiga las adaptaciones de especies de agua dulce y salada, y compáralas.","Adaptaciones al agua dulce y salada.","agua-A22"
"tres-formas-del-agua.md","Las tres formas del agua","Los participantes realizan un experimento para observar el agua en sus tres estados: sólido, líquido y gaseoso.","Experimenta con los tres estados del agua.","agua-A37"
"preguntas-respuestas.md","Preguntas & Respuestas","Simula una entrevista entre un agricultor y un reportero sobre el suelo.","Simulación de entrevista sobre el suelo.","suelos-C09"
"nudo-humano.md","Nudo Humano","Los participantes forman un círculo, se toman de las manos cruzadamente y deben desenredarse sin soltarse, reflexionando sobre la importancia del trabajo en equipo.","Desenrédate sin soltar las manos.","mundomejor-E10"
"ahorrando-energia.md","Ahorrando energía en casa","Haz una lista de cómo se usa la energía en tu hogar y aplica consejos para ahorrar energía.","Reduce el consumo energético en tu hogar.","energia-E07"
"contaminacion-fuente-no-puntual.md","Contaminación de Fuente No Puntual","Los participantes simulan cómo un desagüe pluvial recolecta contaminantes durante una tormenta y cómo esto impacta la calidad del agua en cuerpos de agua locales.","Simula la contaminación de un desagüe pluvial.","agua-C41"
"recolectando-datos.md","Recolectando Datos","Investiga de dónde vienen tus alimentos y qué tipo de suelo necesitan.","Investigación de alimentos y suelo.","suelos-B13"
"hazles-saber.md","¡Hazles Saber!","Comparte tus ideas sobre cómo reconstruir mejor tu casa, escuela o ciudad después de un desastre.","Compartiendo ideas para reconstruir mejor.","rrd-C04"
"carrera-obstaculos-agua.md","Carrera de Obstáculos del Agua","Los participantes experimentan cómo las personas que no tienen acceso al agua deben esforzarse para obtener este recurso, a través de una carrera de obstáculos que simula la recolección de agua.","Carrera de obstáculos para entender la escasez de agua.","agua-C34"
"personas-indigenas-y-biodiversidad.md","Personas indígenas y biodiversidad","Investigación de cómo las personas indígenas utilizan la biodiversidad para su supervivencia y en sus culturas.","Investigar pueblos indígenas y biodiversidad.","biodiversidad-D07"
"analisis-de-suelos.md","Análisis de Suelos","Investiga los diferentes tipos de suelo del mundo y sus características.","Investigación de tipos de suelo globales.","suelos-A02"
"bosques-llenos-de-vida.md","Bosques Llenos de Vida","Prepara un reporte de investigación sobre un bosque de tu área. Presenta tus hallazgos creativamente.","Investigación y presentación creativa sobre un bosque local.","bosques-B01"
"encuentra-tu-camino.md","Encuentra tu Camino","Participa en un evento de orientación forestal usando un mapa para navegar por el bosque.","Evento de orientación y navegación en el bosque.","bosques-C13"
"corrientes-oceanicas.md","Corrientes Oceánicas","Investiga cómo funcionan las corrientes oceánicas y su importancia para el clima y la vida marina.","Investigación sobre corrientes oceánicas.","oceano-A13"
"hora-del-concurso.md","Hora del Concurso","Organiza un concurso sobre nutrición en tu colegio con diferentes categorías y premios saludables.","Concurso educativo sobre nutrición.","nutricion-B10"
"lupa.md","Lupa","Observa la vida microscópica en un arroyo o estanque.","Observación microscópica de agua.","agua-A13"
"rockea-el-bosque.md","'Rockea' el Bosque","Invita a un geólogo para hablar sobre las rocas del bosque. Crea una exhibición de rocas como substrato.","Investigación sobre rocas y su rol en el bosque.","bosques-A15"
"bioblitz.md","BioBlitz","Inventario intensivo de especies en el patio trasero o área local para compartir en línea.","Realizar un inventario de especies local.","biodiversidad-D24"
"escala-de-ph.md","La escala de pH","Los participantes aprenden sobre la escala de pH y cómo la acidez del agua puede afectar a los seres vivos y al medio ambiente.","Descubre cómo medir la acidez del agua.","agua-A45"
"construye-una-abonera.md","Construye una abonera","Construye una abonera para transformar desechos biodegradables en abono.","Construcción de abonera casera.","sacc-B11"
"variedades-raras-de-cultivos.md","Variedades raras de cultivos","Identificación y conservación de variedades raras de cultivos en la comunidad.","Identificar variedades raras de cultivos.","biodiversidad-C18"
"observa-los-anuncios.md","Observa los anuncios","Análisis crítico de anuncios publicitarios para identificar influencias en el consumo y desarrollar pensamiento crítico.","Analizar anuncios publicitarios críticamente.","cambioclimatico-E07"
"compromiso-por-el-agua.md","Compromiso por el Agua","Convence a amigos y familia a comprometerse a ahorrar agua y haz un seguimiento.","Certificados de compromiso para ahorrar agua.","agua-E03"
"productos-de-las-abejas.md","Productos de las abejas","Investigación de los productos que las abejas proporcionan y su importancia para los productores locales.","Investigar productos derivados de las abejas.","polinizadores-B08"
"haz-una-caminata.md","Haz una Caminata","Haz una caminata en el bosque y recolecta elementos que representen partes importantes del bosque. Crea un collage con tus hallazgos.","Caminata y collage de elementos del bosque.","bosques-A01"
"colectando-agua.md","Colectando agua","Construye un colector solar de agua para recolectar agua de la vegetación a través de la condensación, aprendiendo sobre el ciclo del agua.","Recoge agua del suelo usando energía solar.","gosolar-C01"
"vulnerables-al-cambio-climatico.md","Vulnerables al cambio climático","Investiga quiénes son especialmente vulnerables al cambio climático.","Investigación de grupos vulnerables.","sacc-B13"
"invasoras.md","¡Invasoras!","Investiga qué tipo de especies invasoras viven actualmente en los bosques de tu área. Comparte tus hallazgos con tu grupo.","Investigación sobre especies invasoras locales.","bosques-D04"
"modelo-submarino.md","Modelo Submarino","Construye un modelo del profundo lecho marino con sus características geológicas.","Modelo del lecho marino.","oceano-B05"
"collage-de-biodiversidad.md","Collage de biodiversidad","Actividad obligatoria para crear un collage sobre los tres componentes de la biodiversidad: genes, especies y ecosistemas.","Crear un collage sobre biodiversidad.","biodiversidad-D01"
"energia-y-gravedad.md","Energía y gravedad","Demostración de energía potencial y cinética usando un carrito de juguete y una rampa para ver cómo la gravedad convierte una en otra.","Descubre la energía potencial y cinética con un carrito.","energia-C04"
"anuncios-del-agua.md","Anuncios del Agua","Los participantes crean anuncios publicitarios en video o audio sobre el agua y el saneamiento para concienciar sobre la importancia de tomar decisiones saludables.","Crea un anuncio publicitario sobre el agua.","agua-E46"
"promoviendo-la-diversidad.md","Promoviendo la diversidad","Investigación sobre la diversidad étnica en tu ciudad y propuesta de actividades para promover la integración social.","Promover la integración y diversidad en la ciudad.","ciudadesverdes-C10"
"el-derecho-a-la-alimentacion.md","El Derecho a la Alimentación","Investiga sobre el derecho a la alimentación y los derechos humanos. Invita a un experto para que hable con tu grupo.","Investigación sobre el derecho a la alimentación.","hambre-B02"
"cocina-saludable-y-sostenible.md","Cocina saludable y sostenible","Aprende a cocinar una comida sana y amigable con el medio ambiente.","Cocina sostenible.","sacc-B06"
"contacta-a-los-tomadores-de-decisiones-cambioclimatico.md","Contacta a los tomadores de decisiones sobre el cambio climatico","Contactar a funcionarios gubernamentales para expresar preocupación sobre el cambio climático y proponer soluciones.","Contactar a funcionarios sobre el clima.","cambioclimatico-E20"
"alimentos-alrededor-del-mundo.md","Alimentos alrededor del mundo","Investigación de un alimento consumido en varios países y preparación de recetas de diferentes culturas.","Investigar y cocinar alimentos internacionales.","biodiversidad-C08"
"discusiones-saludables.md","Discusiones saludables","Investigación y panel de discusión sobre cómo el cambio climático aumenta la propagación de enfermedades como la malaria y el dengue.","Panel sobre clima y enfermedades.","cambioclimatico-C16"
"red-de-vida.md","Red de vida","Los participantes exploran las conexiones entre plantas y animales en un ecosistema usando una bola de cuerda, visualizando cómo todos están interconectados.","Descubre las conexiones en la naturaleza.","cfn-B05"
"financia-tu-favorito.md","Financia tu favorito","Investiga proyectos de acceso a energía en el mundo, elige uno y organiza una recaudación de fondos para apoyarlo.","Recauda fondos para un proyecto energético.","energia-E13"
"de-donde-viene-tu-agua-agua.md","¿De Dónde Viene Tu Agua?","Los participantes aprenden que el agua proviene de diferentes fuentes y siguen un laberinto para descubrir el camino desde su hogar hasta las fuentes de agua.","Sigue el camino del agua hasta su fuente.","agua-A54"
"arbol-de-deseos.md","Árbol de Deseos","Recolecta materiales del bosque, escribe deseos sobre ellos y crea un árbol de deseos. Envía fotos a yunga@fao.org.","Creación de un árbol de deseos con materiales forestales.","bosques-C05"
"energia-en-el-pasado.md","Energía en el pasado","Entrevista a un abuelo o persona mayor sobre cómo usaban la energía en el pasado: ¿qué tecnologías usaban? ¿cómo se calentaban y cocinaban?","Descubre cómo se usaba la energía antes.","energia-C07"
"verso-acuatico.md","Verso Acuático","Escribe un poema humorístico sobre el uso del agua.","Poesía sobre el agua.","agua-A09"
"adivina-el-ods.md","Adivina el ODS","Crea una obra de teatro sobre un Objetivo de Desarrollo Sostenible sin nombrarlo. El resto del grupo debe adivinar de qué objetivo se trata.","Representa un ODS sin decir su nombre.","energia-D02"
"bateria-de-papa.md","Batería de papa","Construye una batería casera usando una papa, un clavo, una moneda y cables para aprender cómo funciona la electricidad.","Crea electricidad con una papa.","energia-C16"
"la-vida-en-el-pasado.md","La vida en el pasado","Entrevista a una persona mayor para conocer cómo era la vida antes de la urbanización y cómo cambió su ciudad.","Entrevistar a alguien sobre la vida pasada en la ciudad.","ciudadesverdes-A08"
"collage-contaminacion-agua.md","Collage de Contaminación del Agua","Los participantes identifican fuentes de contaminación del agua y crean un collage para representar cómo diferentes actividades humanas afectan los cuerpos de agua.","Crea un collage sobre la contaminación del agua.","agua-C31"
"aliados-terrestres.md","Aliados Terrestres","Investiga un aliado del suelo y su importancia para la salud del suelo.","Investigación de aliados del suelo.","suelos-C06"
"entrevista-a-un-cientifico.md","Entrevista a un científico","Realización de una entrevista a un científico sobre biodiversidad para compartir con el grupo.","Entrevistar a un científico sobre biodiversidad.","biodiversidad-D10"
"reloj-de-sol.md","Reloj de Sol","Construye tu propio reloj de Sol utilizando una plantilla y aprende cómo la posición del Sol cambia durante el día y en diferentes lugares del mundo.","Construye un reloj que marca la hora con el Sol.","gosolar-A03"
"aprender-jugando.md","Aprender Jugando","Investiga diferentes tipos de juegos tradicionales de culturas basadas en los bosques. Juega tres de estos juegos y descubre su enseñanza.","Investigación y práctica de juegos tradicionales forestales.","bosques-C03"
"no-desperdiciar-no-querer.md","No desperdiciar, no querer","Observa y reduce el desperdicio de alimentos en tu hogar, y aprende cómo la energía se desperdicia junto con la comida.","Reduce el desperdicio de alimentos y energía.","energia-E09"
"carne-de-animales-silvestres.md","Carne de Animales Silvestres","Encuentra tres países donde las personas coman carne de animales silvestres. Investiga el impacto de la caza en los bosques y comparte tus hallazgos.","Investigación sobre la caza de carne de animales silvestres.","bosques-D08"
"la-ciencia-del-agua.md","La Ciencia del Agua","Investiga las propiedades científicas de la molécula de agua.","Propiedades científicas del agua.","agua-A21"
"alimentos-locales.md","Alimentos locales","Investigación sobre los cultivos de tu país, cómo el clima los afecta y de dónde provienen los alimentos que consumes.","Investigar cultivos locales y su relación con el clima.","cambioclimatico-A10"
"energia-renovable.md","Energía renovable","Averigua sobre energía renovable y construye un modelo de demostración.","Modelo de energía renovable.","sacc-C03"
"limpieza-de-playa.md","Limpieza de playa","Organización o participación en una limpieza de playa para proteger la biodiversidad costera.","Participar en una limpieza de playa.","biodiversidad-B06"
"que-gas.md","¡Qué gas!","Juego de cartas para aprender sobre los gases de efecto invernadero y sus propiedades.","Juego para aprender sobre gases de efecto invernadero.","cambioclimatico-B08"
"organizador-comunitario-biodiversidad.md","Organizador comunitario - biodiversidad","Organización de un evento comunitario para crear conciencia sobre la biodiversidad y contactar medios de comunicación.","Organizar un evento comunitario sobre biodiversidad.","biodiversidad-D34"
"el-tiempo-y-la-marea.md","El Tiempo y la Marea","Aprende cómo la gravedad de la Luna y el Sol afectan las mareas con una simulación práctica.","Simulación de las mareas.","oceano-A14"
"lunes-sin-emisiones.md","Lunes sin emisiones","Iniciativa familiar para evitar el uso del auto un día a la semana y reducir la huella de carbono.","Crear la tradición de lunes sin auto.","ciudadesverdes-D06"
"negociacion-por-el-clima.md","Negociación por el clima","Simulación de negociaciones climáticas donde cada participante representa a un país con diferentes intereses.","Simular negociaciones climáticas de la ONU.","cambioclimatico-D16"
"lentes-solares.md","Lentes solares","Construye tus propios lentes de Sol para proteger tus ojos de los rayos ultravioleta mientras realizas actividades solares.","Protege tus ojos del Sol.","gosolar-B01"
"refugiados-por-el-clima.md","Refugiados por el clima","Investigación sobre las personas desplazadas por el cambio climático y creación de un documental sobre el tema.","Crear un documental sobre refugiados climáticos.","cambioclimatico-C15"
"invierte-en-soluciones.md","Invierte en soluciones","Investigación de iniciativas climáticas y organización de una recaudación de fondos para apoyar una solución al cambio climático.","Recaudar fondos para soluciones climáticas.","cambioclimatico-E22"
"carboschools.md","Carboschools","Investiga si tu escuela puede unirse a la red de Carboschools.","Red Carboschools.","sacc-C31"
"inventen-un-juego.md","Inventen un Juego","Crea un juego educativo sobre nutrientes y grupos alimenticios para compartir con tu familia y amigos.","Creación de juego educativo sobre nutrición.","nutricion-B05"
"minimo-impacto-naturaleza.md","Mínimo impacto a la naturaleza","Los participantes exploran lo que sucederá a nivel local y global si seguimos talando la selva tropical al mismo ritmo actual.","Entiende el impacto de la deforestación.","cfn-B04"
"agua-alrededor-del-mundo.md","Agua Alrededor del Mundo","Entrevista a amigos de otros países o representa un país para aprender sobre hábitos de agua globales.","Investigación sobre hábitos de agua en otros países.","agua-D01"
"papeles-para-borrador.md","Papeles para borrador","Reúne papeles para usarlos como borrador.","Reuso de papel.","sacc-A21"
"macetas-de-botellas.md","Macetas de botellas","Los jóvenes transforman botellas de plástico en macetas colgantes para plantas, aprendiendo sobre la reutilización de residuos plásticos y la importancia de reducir el consumo de plásticos de un solo uso.","Transforma botellas de plástico en macetas colgantes.","plastics-P12"
"exploracion-acuatica.md","Exploración Acuática","Investiga tu cuenca hidrográfica local y crea una exhibición informativa.","Investigación de la cuenca hidrográfica local.","agua-A20"
"soluciones-globales.md","Soluciones Globales","Experimenta con la desalinización y aprende cómo diferentes países abordan la escasez de agua.","Experimento de desalinización y soluciones globales.","agua-D08"
"necesidades-y-deseos-plastico.md","Necesidades y deseos","Los jóvenes analizan sus patrones de consumo de plásticos y aprenden a diferenciar entre productos necesarios y aquellos que se pueden evitar, promoviendo un consumo más sostenible.","Aprende a diferenciar entre lo que necesitas y lo que deseas.","plastics-P10"
"limpiando-el-entorno.md","Limpiando el entorno","Selecciona un área con problema de basura en tu comunidad y manténla limpia durante un mes.","Limpia y mantén un espacio de tu comunidad.","plastics-B03"
"escribe-cartas.md","Escribe Cartas","Escribe cartas a líderes gubernamentales para presionar sobre temas de nutrición y hambre.","Cartas a líderes sobre nutrición.","nutricion-E12"
"farmacia-forestal.md","Farmacia Forestal","Aprende sobre dos plantas medicinales y dos plantas venenosas del bosque. Comparte tus hallazgos.","Investigación sobre plantas medicinales y venenosas del bosque.","bosques-A11"
"hurga-en-la-tierra.md","Hurga en la Tierra","Experimenta con la erosión del suelo al agregar agua sobre diferentes tipos de suelo.","Experimento sobre erosión del suelo.","agua-A10"
"pesca-los-hechos.md","Pesca los hechos","Investigación sobre especies de pescado sostenibles y en peligro para tomar decisiones de consumo responsables.","Investigar pescado sostenible y en peligro.","cambioclimatico-C12"
"hablando-sobre-cambio-climatico.md","Hablando sobre el cambio climático","Investiga el ciclo del carbono y el cambio climático, y debate sobre sus causas, impactos y soluciones con tu grupo.","Debate sobre el cambio climático y el carbono.","energia-A14"
"cine-del-agua.md","Cine del Agua","Los participantes organizan una proyección de cine para recaudar fondos para un proyecto relacionado con el agua, aprendiendo sobre la importancia de la acción colectiva y la solidaridad.","Organiza un cine para recaudar fondos.","agua-E39"
"acuifero-comestible.md","Acuífero Comestible","Los participantes construyen un acuífero comestible para aprender sobre las formaciones geológicas, cómo la contaminación llega al agua subterránea y cómo el bombeo afecta el nivel freático.","Construye y come un acuífero.","agua-A49"
"biodiversidad-en-otros-paises.md","Biodiversidad en otros países","Investigación de la biodiversidad y ecosistemas de tres países diferentes y sus amenazas.","Investigar biodiversidad en otros países.","biodiversidad-D05"
"los-favoritos-del-mar.md","Los Favoritos del Mar","Prepara una presentación sobre tu animal o criatura marina favorita.","Presentación sobre un animal marino.","oceano-B11"
"platformas-en-linea.md","Plataformas en línea","Visita y participación en plataformas en línea donde jóvenes comparten acciones sobre biodiversidad.","Unirse a plataformas en línea sobre biodiversidad.","biodiversidad-D26"
"donde-esta-el-agua-bosques.md","¿Dónde está el Agua? - Bosques","Investiga en qué lugar es posible encontrar agua en un bosque. Dibuja un mapa o crea un modelo de los sitios con agua.","Investigación de fuentes de agua en el bosque.","bosques-A16"
"resena-de-libro-polinizadores.md","Reseña de libro","Lectura y análisis de un libro sobre polinizadores para compartir aprendizajes con el grupo.","Leer y reseñar un libro sobre polinizadores.","polinizadores-B06"
"colecta-puerta-a-puerta.md","Colecta puerta a puerta","Organiza una colecta de ropa, libros y juguetes para donar.","Colecta de donaciones.","sacc-C28"
"juego-de-preguntas-agua.md","Juego de preguntas sobre el agua","Los participantes aprenden datos interesantes sobre el agua a través de un juego de emparejamiento de preguntas y respuestas.","Aprende datos curiosos sobre el agua jugando.","agua-A36"
"es-util-reutilizar.md","Es útil reutilizar","Actividad obligatoria para transformar objetos inservibles en cosas útiles mediante la creatividad y el reciclaje.","Transformar objetos en desuso en cosas útiles.","cambioclimatico-D01"
"soluciones-que-empoderan.md","Soluciones que Empoderan","Haz una lluvia de ideas sobre cómo empoderar a las personas para salir de la trampa del hambre y lograr autosuficiencia.","Lluvia de ideas sobre soluciones para el hambre.","hambre-D02"
"auditoria-de-desperdicios.md","Auditoría de desperdicios","Realización de una auditoría de desperdicios en el hogar o escuela para reducir la cantidad de desechos.","Auditar y reducir desperdicios.","biodiversidad-D29"
"echando-raices.md","Echando Raíces","Planta y cuida plantas para descubrir la importancia de un suelo saludable.","Plantación y cuidado de plantas.","suelos-A07"
"aprender-haciendo-bolsa-camiseta.md","Aprender haciendo - Bolsa reutilizable con camiseta","Los jóvenes transforman una camiseta vieja en una bolsa de compras reutilizable, aprendiendo sobre la reutilización de materiales y reduciendo el uso de bolsas plásticas de un solo uso.","Crea una bolsa reutilizable con una camiseta vieja.","plastics-P08"
"concurso-de-pruebas.md","Concurso de Pruebas","Prepara un concurso de preguntas sobre el suelo y sus amenazas.","Concurso sobre el suelo.","suelos-A06"
"dieta-energetica.md","Dieta energética","Desafío de dos semanas para reducir el consumo de energía en el hogar, transporte y escuela, midiendo los ahorros logrados.","Reducir el consumo de energía durante dos semanas.","biodiversidad-A15"
"superheroes-rrd.md","Superhéroes","Crea una historieta sobre un superhéroe que ayuda a las personas después de un desastre.","Historieta sobre un superhéroe de rescate.","rrd-C03"
"plantas-de-agua-y-tierra.md","Plantas de agua y tierra","Comparación de plantas terrestres y acuáticas mediante dibujo y observación de sus diferentes partes.","Comparar plantas terrestres y acuáticas.","biodiversidad-B03"
"haz-un-modelo-de-un-volcan.md","Haz un Modelo de un Volcán","Construye un modelo de volcán casero y aprende datos interesantes sobre volcanes.","Modelo de volcán casero.","rrd-A05"
"tala-de-arboles.md","Tala de Árboles","Invita a alguien que trabaje en la industria de la tala de árboles para que hable en tu reunión. Aprende sobre prácticas sostenibles y cómo los consumidores pueden apoyarlas.","Investigación sobre tala sostenible y consumo responsable.","bosques-D03"
"superheroe-del-agua.md","Superhéroe del Agua","Los participantes organizan un concurso de dibujo para crear un superhéroe del agua, con poderes especiales para mejorar la calidad y disponibilidad del agua.","Crea un superhéroe del agua.","agua-E33"
"profundicen-en-las-diferencias.md","Profundicen en las Diferencias","Investiga los problemas de salud causados por deficiencias de vitaminas y minerales en diferentes regiones.","Investigación sobre deficiencias nutricionales.","nutricion-B19"
"haciendo-garabatos.md","Haciendo garabatos","Actividad creativa para imaginar y dibujar cómo adaptarse y prepararse para los impactos del cambio climático en tu comunidad.","Dibujar ideas de adaptación al cambio climático.","cambioclimatico-D03"
"amenazas-y-desastres-cerca-de-casa.md","Amenazas y Desastres Cerca de Casa","Investiga qué amenazas ocurren en tu área y prepara un afiche con línea de tiempo e información.","Investigación de amenazas locales.","rrd-A02"
"cartel-contaminacion-marina.md","Confeccionar un cartel sobre contaminación marina","Los jóvenes investigan la contaminación por plásticos en los océanos y diseñan carteles para concienciar sobre este problema, desarrollando su creatividad y habilidades de comunicación ambiental.","Crea un cartel para concienciar sobre la contaminación marina.","plastics-P21"
"vigilancia-en-casa.md","Vigilancia en Casa","Monitorea las actividades de tu hogar que afectan al suelo y crea una lista de control.","Monitoreo de impacto ambiental en el hogar.","suelos-D06"
"observacion-del-medidor-de-electricidad.md","Observación del medidor de electricidad","Observa el medidor de electricidad y reduce tu consumo.","Monitoreo de consumo eléctrico.","sacc-A08"
"visita-a-un-centro-de-reciclaje.md","Visita a un centro de reciclaje","Visita un centro de reciclaje o una planta de energía renovable.","Visita a centro de reciclaje o energía renovable.","sacc-C04"
"un-dolar-al-dia.md","Un Dólar al Día","Averigua cuánto es 1 USD en tu moneda y crea una lista de compras para un día con ese presupuesto.","Experiencia sobre vivir con 1 dólar al día.","hambre-A06"
"casa-para-murcielagos.md","Casa para murciélagos","Construcción de una casa para murciélagos para proporcionar refugio y observar su comportamiento.","Construir una casa para murciélagos.","biodiversidad-A12"
"lavar-ropa-de-manera-eficiente.md","Lavar ropa de manera eficiente","Llena la lavadora y cuelga la ropa para secarla.","Eficiencia en el lavado de ropa.","sacc-A17"
"a-todos-nos-gusta-el-agua.md","A todos nos gusta el agua","Visita un ecosistema natural y observa cómo las diferentes especies usan el agua.","Observación del uso del agua en la naturaleza.","agua-A01"
"extrayendo-la-sal.md","Extrayendo la Sal","Extrae sal del agua marina por evaporación y aprende sobre la importancia de la sal.","Extracción de sal por evaporación.","oceano-A06"
"sin-plastico-es-fantastico.md","Sin plástico es fantástico","Organiza un evento comunitario para crear conciencia sobre la contaminación plástica y proporcionar soluciones prácticas.","Organiza un evento para mostrar que vivir sin plástico es posible.","plastics-C08"
"agricultores-del-bosque.md","Agricultores del Bosque","Aprende sobre un grupo que cultive en los bosques. Comparte tus hallazgos de forma creativa.","Investigación sobre pueblos que cultivan en los bosques.","bosques-C16"
"diario-de-alimentos-biodiversidad.md","Diario de alimentos","Registro de alimentos consumidos durante una semana para identificar la biodiversidad en la dieta.","Registrar alimentos para identificar biodiversidad.","biodiversidad-C06"
"desarmando-canciones-y-danzas.md","Desarmando canciones y danzas","Los participantes identifican mensajes machistas o discriminatorios en canciones y danzas scouts, y las transforman en versiones con mensajes positivos e inclusivos.","Transforma canciones con mensajes positivos.","mundomejor-E08"
"que-esta-en-riesgo.md","¿Qué está en riesgo?","Los participantes experimentan los efectos del impacto de las especies invasoras en un ecosistema a través de un juego de Piedra-Papel-Tijera adaptado.","Descubre el impacto de las especies invasoras.","cfn-B01"
"mimica-de-agua.md","Mímica de Agua","Juego de mímica con palabras relacionadas con el agua.","Juego de mímica sobre el agua.","agua-A04"
"agua-desarrollo-derechos-humanos.md","Agua, Desarrollo y Derechos Humanos","Los participantes exploran las conexiones entre el agua, el desarrollo y los derechos humanos a través de una actividad de telaraña que visualiza la interdependencia de estos temas.","Explora la interdependencia del agua y los derechos humanos.","agua-D48"
"conviertete-en-un-disenador-grafico.md","Conviértete en un Diseñador Gráfico","Diseña una representación gráfica de una dieta equilibrada (pirámide, plato, arcoíris, etc.).","Diseño gráfico de dieta equilibrada.","nutricion-E05"
"sobre-embalaje.md","Sobre-embalaje","Identifica productos con envolturas innecesarias en tu cocina.","Reducción de embalajes innecesarios.","sacc-B07"
"cancion-por-el-suelo.md","Canción por el Suelo","Inventa una canción sobre el suelo y los factores que lo dañan.","Canción sobre la protección del suelo.","suelos-C03"
"descubre-el-agua-subterranea.md","Descubre el agua subterránea","Los participantes construyen modelos para entender cómo el agua se mueve a través del suelo y cómo se forma el agua subterránea.","Construye un modelo de agua subterránea.","agua-A48"
"puntos-de-encuentro-de-la-ciudad.md","Puntos de encuentro de la ciudad","Identificación y propuesta de espacios públicos que fomenten el sentido de comunidad y la convivencia en la ciudad.","Identificar espacios comunitarios en la ciudad.","ciudadesverdes-A07"
"dibuja-la-ciudad-sonada.md","Dibujá la ciudad soñada","Ilustración de una mejora verde para tu ciudad, proponiendo soluciones innovadoras y sostenibles.","Dibujar una mejora verde para tu ciudad.","ciudadesverdes-A05"
"visita-a-granjas.md","Visita a granjas","Visita a diferentes tipos de granjas para aprender sobre técnicas de cultivo y cómo la biodiversidad ayuda a enfrentar desafíos.","Visitar granjas para aprender sobre biodiversidad agrícola.","biodiversidad-C16"
"activismo.md","Activismo","Firma la petición para acabar con el hambre y difunde el mensaje a través de redes sociales.","Activismo en redes contra el hambre.","hambre-E07"
"auditoria-de-plastico-en-casa.md","Auditoría de plástico en casa","Haz un inventario detallado de los plásticos de un solo uso que usas en tu vida diaria durante una semana y aprende a reducirlos.","Registra y analiza tu consumo de plásticos de un solo uso.","plastics-A02"
"el-genero-y-el-hambre.md","El Género y el Hambre","Investiga en qué países la desigualdad de género es significativa y cómo se relaciona con el hambre. Crea escenas para presentar.","Investigación sobre género y hambre.","hambre-A10"
"conoce-a-los-expertos.md","Conoce a los Expertos","Visita a un equipo de respuesta a emergencias y entrevista a sus miembros sobre su trabajo.","Entrevista a expertos en emergencias.","rrd-C01"
"tu-codigo-del-agua.md","Tu Código del Agua","Los participantes crean su propio código personal de conducta para el uso responsable del agua, comprometiéndose con acciones concretas para conservar y proteger este recurso.","Crea tu código personal para cuidar el agua.","agua-E31"
"exploracion-oceanica.md","Exploración Oceánica","Investiga la expedición del HMS Challenger y escribe cartas desde la perspectiva de un miembro de la tripulación.","Investigación sobre la expedición HMS Challenger.","oceano-C04"
"grupos-vulnerables.md","Grupos Vulnerables","Investiga un grupo vulnerable ante desastres y presenta tus hallazgos.","Investigación sobre grupos vulnerables en desastres.","rrd-A09"
"cambio-climatico-y-hambre.md","Cambio climático y hambre","Investiga cómo el cambio climático afecta el hambre y la nutrición.","Impacto del cambio climático en el hambre.","sacc-B14"
"basurero-vacio.md","Basurero vacío","Reduce, reusa y recicla todo lo que puedas para vaciar el basurero.","Desafío de basurero vacío.","sacc-A30"
"dale-una-oportunidad-a-las-abejas.md","Dale una oportunidad a las abejas","Transformación de tu jardín escolar o del hogar en un espacio amigable para los polinizadores.","Crear un jardín amigable para polinizadores.","polinizadores-D02"
"aventuras-linguisticas.md","Aventuras Lingüísticas","Aprende cómo se dice 'agua' en diferentes idiomas y crea trabalenguas divertidos.","Palabra 'agua' en diferentes idiomas.","agua-A07"
"petalos-y-polinizadores.md","Pétalos y polinizadores","Investigación sobre los polinizadores que ayudan a crecer tu flor favorita y seguimiento de sus visitas.","Investigar polinizadores de tu flor favorita.","polinizadores-B03"
"autobiografia-bioenergetica.md","Autobiografía de un cultivo bioenergético","Investiga un cultivo bioenergético y escribe su 'autobiografía', hablando de cuánta energía consume y produce.","Escribe la vida de un cultivo energético.","energia-B06"
"aves-acuaticas.md","Aves acuáticas","Observación de aves acuáticas en su hábitat natural para aprender sobre sus técnicas de caza y adaptaciones.","Observar aves acuáticas y sus adaptaciones.","biodiversidad-B21"
"mas-alla-de-los-documentales.md","","","",""
"agua-no-siempre-disponible.md","El Agua No Siempre Está Disponible","Los participantes experimentan los desafíos de obtener agua limpia y transportarla a través de un juego de relevos que simula la recolección de agua en comunidades sin acceso fácil.","Juego de relevos sobre la recolección de agua.","agua-D32"
"agua-agricultura-alimentos.md","Agua, Agricultura y Alimentos","Los participantes visitan una granja para comprender la relación entre el uso del agua, la agricultura y la producción de alimentos, reflexionando sobre los desafíos y la sostenibilidad.","Visita a una granja para aprender sobre agua y alimentos.","agua-B36"
"collage-de-las-tres-r.md","Collage de las tres R","Haz un collage sobre Reduce - Reusa - Recicla.","Collage sobre las tres R.","sacc-A29"
"probando-probando.md","Probando, Probando","Prepara un examen de 10 preguntas sobre preparación frente a desastres.","Examen sobre preparación para desastres.","rrd-D04"
"contando-cuentos.md","Contando cuentos","Actividad creativa para inventar una historia sobre personas afectadas por el cambio climático y cómo enfrentan la situación.","Inventar una historia sobre refugiados climáticos.","cambioclimatico-C04"
"que-llueva.md","¡Que llueva!","Los participantes juegan bajo la lluvia y realizan actividades divertidas para aprender sobre el agua y la naturaleza.","Diviértete bajo la lluvia.","agua-A39"
"calificacion-carbono-pais.md","Calificación de carbono por país","Investiga las emisiones de CO₂ por país, compara la posición de tu país y crea un póster creativo con tus hallazgos.","Compara las emisiones de CO₂ entre países.","energia-D04"
"especies-que-usan-el-agua-inteligentemente.md","Especies que Usan el Agua Inteligentemente","Aprende cómo cuatro especies diferentes logran encontrar agua o sobrevivir sin agua durante períodos de escasez.","Investigación sobre adaptaciones de especies a la escasez de agua.","bosques-D10"
"por-que-suceden-los-desastres.md","Por Qué Suceden los Desastres","Investiga una causa de los desastres y realiza entrevistas para crear un video educativo.","Investigación de causas de desastres.","rrd-A06"
"investigaciones-locales-plastico.md","Investigaciones locales sobre plásticos","Observa y documenta la situación del plástico en tu barrio, pueblo o ciudad. ¿Hay mucho plástico en las calles, parques o ríos?","Investiga la situación del plástico en tu comunidad.","plastics-A08"
"combatiendo-el-desperdicio-de-alimentos.md","Combatiendo el desperdicio de alimentos","Seguimiento semanal del desperdicio de alimentos para identificar hábitos y tomar acciones concretas para reducirlo.","Seguir y reducir el desperdicio de alimentos.","ciudadesverdes-B02"
"poesia-sobre-el-hambre.md","Poesía sobre el Hambre","Escribe un poema acróstico sobre la lucha contra el hambre usando palabras clave como EDUCACIÓN, AGRICULTURA o MICROFINANCIACIÓN.","Creación de poesía sobre el hambre.","hambre-D04"
"edificios-verdes-a-mi-alrededor.md","Edificios verdes a mi alrededor","Investigación y visita a edificios verdes para aprender sobre su diseño y eficiencia energética.","Investigar edificios verdes locales.","ciudadesverdes-C05"
"la-gallina-ciega.md","La Gallina Ciega","Juego para aprender sobre la importancia del agua para cada parte del cuerpo humano.","Juego sobre el agua y el cuerpo humano.","agua-A05"
"carteles-para-la-playa.md","Carteles para la Playa","Los participantes crean carteles para concientizar sobre la importancia de respetar y proteger las playas y el océano, promoviendo comportamientos responsables.","Crea carteles para proteger la playa.","agua-E32"
"combatiendo-desperdicio-recursos.md","Combatiendo el desperdicio de recursos","Los participantes construyen un sistema de clasificación de residuos para su grupo scout o su hogar, aprendiendo sobre reciclaje y gestión sostenible de recursos.","Construye un sistema de clasificación de residuos.","mundomejor-E02"
"lunes-sin-carne.md","Lunes Sin Carne","Los participantes reflexionan sobre la huella hídrica de los alimentos y proponen un 'Lunes Sin Carne' en su escuela para reducir el consumo de agua y promover hábitos alimenticios sostenibles.","Propón un Lunes Sin Carne.","agua-E45"
"haz-un-libro-de-recetas.md","Haz un Libro de Recetas","Crea tu propio libro de recetas con ingredientes de temporada y consejos de sostenibilidad.","Creación de libro de recetas sostenible.","nutricion-D09"
"audita-tus-habitos-plastico.md","Audita tus hábitos de uso de plástico","Una actividad de reflexión para evaluar y reducir el uso de plásticos de un solo uso en la vida cotidiana, aplicando las 3R: reducir, reutilizar y reemplazar.","Evalúa y reduce tu huella de plástico.","plastics-P01"
"observacion-del-medidor-de-agua.md","Observación del medidor de agua","Observa el medidor de agua y reduce tu consumo.","Monitoreo de consumo de agua.","sacc-A19"
"biogas.md","Biogás","Experimento para observar la producción de biogás a partir de materia orgánica en descomposición y aprender sobre microorganismos.","Experimento de producción de biogás.","biodiversidad-A14"
"voluntario-por-el-oceano.md","Voluntario por el Océano","Trabaja como voluntario en una organización relacionada con la conservación del océano.","Voluntariado en conservación marina.","oceano-E07"
"disecciona-una-flor.md","Diseccioná una flor","Disección de flores para identificar sus partes y comprender el proceso de polinización.","Diseccionar una flor para aprender sus partes.","polinizadores-A03"
"analisis-de-suelo.md","Análisis de Suelo","Cava un hoyo de 30 cm en el bosque y observa la estructura del suelo. Dibuja y etiqueta las capas.","Análisis de capas de suelo forestal.","bosques-A17"
"entrevista-de-historia-oral.md","Entrevista de historia oral","Actividad obligatoria para entrevistar a personas mayores sobre los alimentos que cultivaban y comían en el pasado.","Entrevistar sobre alimentos del pasado.","biodiversidad-C01"
"charlas-sobre-salud.md","Charlas sobre Salud","Investiga los problemas de salud más extendidos en tu país y organiza un informe grupal.","Investigación sobre salud pública.","nutricion-A13"
"invasion-alienigena.md","Invasión Alienígena","Investiga sobre especies marinas invasoras y crea un libro de historietas desde la perspectiva de la especie nativa.","Historieta sobre especies invasoras marinas.","oceano-D06"
"construi-un-hotel-para-abejas.md","Construí un hotel para abejas","Construcción de un hotel para abejas en tu hogar, escuela o jardín comunitario para proporcionar refugio a polinizadores solitarios.","Construir un hotel para abejas.","polinizadores-A02"
"diversion-en-la-costa.md","Diversión en la Costa","Investiga las actividades recreativas en la playa y su impacto en el medio ambiente marino.","Investigación sobre actividades costeras.","oceano-C02"
"mi-huella-hidrica.md","Mi Huella Hídrica","Los participantes calculan su huella hídrica utilizando una calculadora en línea, reflexionando sobre su consumo directo e indirecto de agua.","Calcula tu huella hídrica.","agua-B43"
"contacta-a-los-tomadores-de-decisiones.md","","","",""
"paseo-en-el-bosque.md","Paseo en el bosque","Paseo sensorial por el bosque para observar, escuchar, oler y sentir la naturaleza.","Explorar el bosque con los sentidos.","biodiversidad-C24"
"y-el-clima-polinizadores.md","¿Y el clima?","Investigación sobre los impactos del cambio climático en los polinizadores locales a través de entrevistas.","Investigar impacto del clima en polinizadores.","polinizadores-C06"
"empatia-por-los-ecosistemas.md","Empatía por los Ecosistemas","Crea una pintura o afiche que muestre cómo una amenaza afecta a un ecosistema y cómo ayudarlo a recuperarse.","Arte sobre ecosistemas y desastres.","rrd-C02"
"cinco-cosas-buenas.md","Cinco Cosas Buenas","Enumera cinco razones por las cuales los bosques son importantes para la naturaleza. Haz un dibujo sobre la importancia de los bosques.","Reflexión y dibujo sobre la importancia de los bosques.","bosques-A04"
"haciendo-niebla.md","Haciendo Niebla","Crea niebla en una jarra usando agua caliente y cubos de hielo para entender la condensación.","Experimento para crear niebla.","oceano-A05"
"fibras-naturales-y-sinteticas.md","Fibras naturales y sintéticas","Investigación de las fibras utilizadas en la ropa para distinguir entre materiales naturales y sintéticos.","Investigar fibras naturales y sintéticas.","biodiversidad-C19"
"es-verde-tu-casa.md","¿Es verde tu casa?","Evaluación de la sostenibilidad de tu hogar y compromiso con cambios para vivir de manera más ecológica.","Evaluar y mejorar la sostenibilidad de tu hogar.","ciudadesverdes-C04"
"visita-una-planta-de-procesado-de-alimentos.md","Visita una Planta de Procesado de Alimentos","Visita una granja o planta de procesado de alimentos para aprender sobre la producción de alimentos.","Visita a planta de procesado de alimentos.","nutricion-B17"
"compra-pescado-de-manera-selectiva.md","Compra Pescado de Manera Selectiva","Investiga qué pescado puedes comprar de manera sostenible y crea una guía de bolsillo.","Guía de compra sostenible de pescado.","nutricion-D18"
"alza-tu-voz.md","Alza Tu Voz","Escribe una canción sobre el hambre y la desigualdad para compartir con tu grupo.","Creación musical sobre el hambre.","hambre-B03"
"cosas-que-usamos.md","Cosas que usamos","Investigación de productos derivados de plantas (aceites, semillas, fibras, medicinas) y su dependencia de los polinizadores.","Investigar productos vegetales y polinizadores.","polinizadores-B07"
"preguntas-y-respuestas.md","Preguntas y Respuestas","Actividad de simulación donde los participantes representan a agricultores y periodistas para explorar el impacto del cambio climático en la agricultura.","Simular entrevistas sobre cambio climático y agricultura.","cambioclimatico-C14"
"comida-internacional-a-la-suerte-de-la-olla.md","Comida Internacional 'A la Suerte de la Olla'","Organiza una cena internacional donde cada invitado trae un plato de un país diferente para compartir.","Cena internacional para difundir el mensaje contra el hambre.","hambre-E01"
"observando-el-tiempo.md","Observando el Tiempo","Observa el efecto del tiempo en el suelo y cómo responde.","Observación del clima y el suelo.","suelos-C07"
"estudio-evolutivo-polinizadores.md","Estudio evolutivo","Investigación sobre la coevolución de polinizadores y plantas nativas para comprender sus adaptaciones mutuas.","Investigar la coevolución de polinizadores y plantas.","polinizadores-A09"
"chapoteando-en-el-agua.md","Chapoteando en el Agua","Observa los charcos después de la lluvia y descubre la vida que los habita.","Observación de charcos y vida acuática.","agua-A03"
"bancos-de-semillas.md","Bancos de semillas","Investigación sobre bancos de semillas y cómo involucrarse en su conservación.","Investigar bancos de semillas.","biodiversidad-C30"
"presentando-a-los-combustibles-fosiles.md","Presentando a los combustibles fósiles","Actividad creativa para investigar y presentar información sobre diferentes combustibles fósiles.","Presentar información sobre combustibles fósiles.","cambioclimatico-B09"
"circulo-virtuoso-vs-circulo-vicioso.md","Círculo Virtuoso vs. Círculo Vicioso","Crea una pancarta con dos columnas para comparar el círculo virtuoso y el círculo vicioso de la trampa del hambre.","Comparación entre círculo virtuoso y círculo vicioso.","hambre-D07"
"articulo-cambio-climatico.md","Artículo sobre el cambio climático","Lee artículos sobre el cambio climático y escribe tu propio artículo periodístico sobre cómo afecta a tu comunidad.","Escribe un artículo sobre el cambio climático.","energia-A15"
"sigue-el-flujo.md","Sigue el Flujo","Crea diagramas de flujo mostrando el impacto del agua en la vida de las personas.","Diagramas de flujo sobre el impacto del agua.","agua-D05"
"dia-internacional-de-la-biodiversidad.md","Día Internacional de la Biodiversidad","Organización de actividades y celebraciones para el Día Internacional de la Biodiversidad (22 de mayo).","Celebrar el Día Internacional de la Biodiversidad.","biodiversidad-D23"
"conoce-tu-consumo-de-electricidad.md","Conoce tu consumo de electricidad","Análisis y representación gráfica del consumo de electricidad diario para identificar áreas de mejora.","Analizar consumo de electricidad diario.","cambioclimatico-D14"
"discurso-pixar.md","Contando historias - El discurso Pixar","Los participantes crean un discurso de abogacía sobre biodiversidad usando la estructura narrativa de seis frases de las películas Pixar.","Cuenta una historia para proteger la biodiversidad.","cfn-B10"
"campana-de-energia-renovable.md","Campaña de energía renovable","Aprende sobre energía renovable y promueve su uso en tu área.","Campaña de energía renovable.","sacc-C08"
"los-bosques-a-traves-de-las-eras.md","Los Bosques a Través de las Eras","Investiga plantas forestales de un período histórico (Jurásico, Cretáceo, etc.). Compáralas con sus familiares modernos.","Investigación sobre plantas forestales a través de la historia.","bosques-A24"
"entrenamiento-cerebral.md","Entrenamiento Cerebral","Crea un crucigrama, sopa de letras u otra prueba con vocabulario sobre el hambre para compartir con tu grupo.","Creación de juegos de vocabulario sobre el hambre.","hambre-A09"
"reciclaje-de-agua.md","Reciclaje de agua","Recicla agua de cocina, baño y recoge agua lluvia.","Reciclaje de agua en el hogar.","sacc-A18"
"seek-inaturalist.md","Descubriendo la naturaleza con Seek de iNaturalist","Los participantes utilizan la aplicación Seek de iNaturalist para identificar especies de vida silvestre y plantas en su entorno natural.","Identifica especies con tu celular.","cfn-B02"
"platos-para-compartir.md","Platos para Compartir","Organiza una comida compartida donde cada persona trae un plato y todos adivinan los nutrientes que contiene.","Comida compartida educativa sobre nutrientes.","nutricion-B01"
"hacer-para-aprender.md","Hacer para Aprender","Cultiva vegetales o hierbas con tu grupo o visita una granja local para recolectar frutas. Experimenta de primera mano cómo funciona el sistema alimentario.","Experiencia práctica sobre producción de alimentos.","hambre-B01"
"jarra-de-efecto-invernadero.md","Jarra de efecto invernadero","Experimento para entender el efecto invernadero utilizando una jarra y una lámpara.","Experimento para entender el efecto invernadero.","cambioclimatico-B10"
"confesiones-de-los-consumidores.md","","","",""
"organizandose.md","Organizándose","Investiga organizaciones de conservación del suelo y únete a ellas.","Investigación de organizaciones del suelo.","suelos-D09"
"plantulas.md","Plántulas","Planta plántulas de árboles forestales con tu grupo. Discute sobre el proceso de plantación y el cuidado necesario.","Plantación y cuidado de plántulas forestales.","bosques-A08"
"alimentos-del-bosque.md","Alimentos del Bosque","Investiga alimentos silvestres del bosque y prepara una comida con ellos. Aprende sobre la biodiversidad como fuente de alimentos.","Investigación y preparación de alimentos silvestres del bosque.","bosques-C11"
"reduce-reusa-recicla.md","","","",""
"horno-solar-cocina-solar.md","Horno Solar - Cocina Solar","Construye tu propio horno o cocina solar para cocinar alimentos usando la energía del Sol, explorando diferentes diseños y materiales.","Cocina con energía solar.","gosolar-C02"
"energia-en-mi-rutina.md","Energía en mi rutina","Explica qué es la energía con tus propias palabras y analiza tus actividades diarias identificando qué formas de energía usas en cada una.","Descubre la energía en tu vida cotidiana.","energia-C01"
"subelo-al-blog.md","¡Súbelo al blog!","Crear un blog grupal sobre cambio climático para compartir información, consejos y creatividad con la comunidad.","Crear un blog sobre cambio climático.","cambioclimatico-E17"
"efecto-invernadero-experimento.md","Efecto invernadero","Realiza un experimento simple con termómetros y un frasco para ver cómo funciona el efecto invernadero.","Experimenta el efecto invernadero con tus propias manos.","energia-A10"
"bosques-justos.md","Bosques Justos","Discute cómo se puede proteger el derecho de acceso y distribución de beneficios para las personas locales en las políticas de gestión forestal.","Debate sobre acceso justo a los bosques y distribución de beneficios.","bosques-B12"
"evento-tiburon-de-ciudades-verdes.md","Evento Tiburón de ciudades verdes","Creación y presentación de una solución innovadora para un problema urbano frente a un panel de jueces.","Presentar una solución innovadora para tu ciudad.","ciudadesverdes-C02"
"aventuras-linguisticas-energia.md","Aventuras lingüísticas con la energía","Investiga la palabra 'energía' en diferentes idiomas y crea trabalenguas divertidos mezclando las palabras.","Descubre cómo se dice 'energía' en el mundo.","energia-A07"
"debate-comunitario.md","Debate comunitario sobre energía","Debate donde diferentes grupos de la comunidad (empresas, gobierno, jóvenes) buscan una solución a un problema energético local.","Encuentra soluciones energéticas para tu comunidad.","energia-D13"
"politica-energetica.md","Política energética","Investiga las políticas energéticas de tu país y propón mejoras para promover energías renovables y reducir emisiones.","Analiza y propón políticas energéticas.","energia-E15"
"obra-de-teatro-sobre-el-agua.md","Obra de teatro sobre el agua","Actividad creativa para escribir y representar una obra de teatro sobre una comunidad afectada por la escasez de agua debido al cambio climático.","Crear y representar una obra sobre escasez de agua.","cambioclimatico-C09"
"juego-de-semillas.md","Juego de semillas","Creación de un juego sobre semillas y biodiversidad para aprender sobre diversidad de cultivos.","Inventar un juego sobre semillas.","biodiversidad-C03"
"datos-sobre-el-agua.md","Datos sobre el Agua","Los participantes exploran datos impactantes sobre el agua a través de juegos de roles y pequeñas obras de teatro, reflexionando sobre la crisis mundial del agua.","Representa datos sobre el agua.","agua-D45"
"dibujando-el-agua.md","Dibujando el Agua","Juego de Pictionary con palabras relacionadas con el agua.","Pictionary del agua.","agua-A11"
"se-un-ecoturista.md","Sé un Ecoturista","Investiga el ecoturismo y diseña tu propia actividad de ecoturismo.","Diseño de actividad de ecoturismo.","suelos-D08"
"inaturalist-siguiente-nivel.md","iNaturalist - Siguiente Nivel","Los participantes utilizan la aplicación iNaturalist para identificar especies, aprender sobre biodiversidad y contribuir a la ciencia ciudadana.","Identifica especies con iNaturalist.","cfn-B06"
"relatos-de-viaje.md","Relatos de viaje","Actividad de investigación para explorar cómo el cambio climático afecta a diferentes lugares del mundo y crear una guía de viaje.","Crear una guía de viaje sobre un lugar y su clima.","cambioclimatico-A07"
"persuade-y-prepara.md","Persuade y Prepara","Analiza las Prioridades del Marco de Sendai y presenta cómo implementarlas en tu región.","Implementación del Marco de Sendai local.","rrd-D08"
"calendario-de-pesca-sostenible.md","Calendario de pesca sostenible","Creación de un calendario indicando cuándo es correcto consumir diferentes especies de pescado para proteger las poblaciones salvajes.","Crear calendario de pesca sostenible.","biodiversidad-B18"
"plantas-silvestres-comestibles.md","Plantas silvestres comestibles","Aprendizaje sobre hierbas y plantas silvestres comestibles con la ayuda de personas indígenas o adultos mayores.","Aprender sobre plantas silvestres comestibles.","biodiversidad-C04"
"visita-a-una-hacienda.md","Visita a una hacienda","Visita una hacienda tradicional y una orgánica para aprender sobre producción de alimentos.","Visita a una hacienda.","sacc-C05"
"jardin-de-biodiversidad.md","Jardín de biodiversidad","Cultivo de un jardín de vegetales, hierbas, frutas, nueces o especias para aprender sobre biodiversidad agrícola.","Cultivar un jardín de biodiversidad.","biodiversidad-C12"
"preparate-rrd.md","Prepárate","Identifica lugares especiales en tu comunidad que quieras proteger y cómo prepararlos para una amenaza.","Identificación de lugares a proteger.","rrd-B04"
"manglares-poderosos.md","Manglares Poderosos","Aprende cómo los bosques de manglar protegen las áreas costeras contra mareas tormentosas y tsunamis. Visita un manglar si es posible.","Investigación sobre la protección costera de los manglares.","bosques-A26"
"sillas-hambrientas.md","Sillas Hambrientas","Juego para pensar en la escasez de alimentos usando sillas y frutas.","Juego sobre escasez de alimentos.","hambre-A03"
"investigando-rocas.md","Investigando Rocas","Recolecta y estudia rocas para aprender sobre el material parental del suelo.","Investigación de rocas y suelos.","suelos-A08"
"mantenerla-limpia.md","Mantenerla Limpia","Visita una fábrica, granja o industria local para aprender sobre el tratamiento de aguas residuales.","Investigación sobre tratamiento de aguas residuales.","agua-B03"
"corrientes-de-resaca.md","Corrientes de Resaca","Investiga las corrientes de resaca, cómo identificarlas y cómo escapar de ellas.","Investigación sobre corrientes de resaca.","oceano-A15"
"poder-hambriento.md","Poder hambriento","Juego con mapa mundial para aprender sobre el acceso a la energía y la pobreza energética en diferentes regiones del mundo.","Descubre quién tiene acceso a la energía.","energia-D11"
"electrodomesticos-ahorradores-de-energia.md","Electrodomésticos ahorradores de energía","Investiga y recomienda electrodomésticos ahorradores de energía.","Electrodomésticos eficientes.","sacc-A11"
"circulo-de-biodiversidad.md","Círculo de biodiversidad","Exploración de un área circular alrededor de un árbol para identificar y dibujar todas las formas de vida presentes.","Explorar la biodiversidad alrededor de un árbol.","biodiversidad-C31"
"cuanta-agua-hay-en-tu-cuerpo.md","¿Cuánta agua hay en tu cuerpo?","Los participantes calculan cuánta agua hay en su cuerpo y aprenden que el cuerpo humano está compuesto principalmente por agua.","Calcula cuánta agua tienes en tu cuerpo.","agua-A34"
"transmision-sobre-tsunamis.md","Transmisión sobre Tsunamis","Crea una transmisión de radio sobre tsunamis y consejos para sobrevivir.","Transmisión de radio sobre tsunamis.","oceano-A12"
"comida-y-energia.md","Comida y energía","Investiga cuánta energía se necesita para producir diferentes alimentos y planifica una comida de bajo consumo energético.","Elige alimentos con bajo consumo energético.","energia-C15"
"guia-turistica.md","Guía Turística","Lleva a un amigo en un tour guiado sobre el suelo de tu jardín o parque local.","Tour guiado sobre el suelo.","suelos-D03"
"de-prisa-rrd.md","¡De Prisa!","Investiga las categorías de huracanes y cómo prepararse para ellos.","Investigación sobre huracanes y su categorización.","rrd-A08"
"construyendo-un-telescopio-submarino.md","Construyendo un Telescopio Submarino","Construye un telescopio para observar la vida bajo el agua en pozas rocosas o aguas poco profundas.","Construcción de un telescopio submarino.","oceano-A08"
"bolsas-de-arroz.md","Bolsas de Arroz","Mide y divide una bolsa de arroz en porciones de 60 g para entender la cantidad de comida que muchas personas tienen cada día.","Experiencia sobre la cantidad diaria de alimentos.","hambre-A04"
"los-precios-de-los-alimentos.md","Los Precios de los Alimentos","Visita el supermercado semanalmente durante un par de meses para anotar los precios de los alimentos y analizar sus cambios.","Investigación sobre los precios de los alimentos.","hambre-B09"
"arte-inspirado-en-el-mar.md","Arte inspirado en el mar","Exploración de cómo el mar y la vida marina aparecen en cuentos, poemas, canciones y obras de arte para crear una obra propia.","Crear arte inspirado en el mar.","biodiversidad-B14"
"proyecto-comunitario-sobre-el-agua.md","Proyecto Comunitario sobre el Agua","Crea un proyecto comunitario para conservar el agua en tu escuela o comunidad.","Proyecto comunitario de conservación del agua.","agua-E05"
"colores-de-la-energia-solar.md","Los colores de la energía solar","Experimenta cómo diferentes colores absorben la luz del Sol colocando botellas pintadas de distintos colores al sol y midiendo su temperatura.","Descubre cómo los colores absorben el calor del Sol.","gosolar-A02"
"habitantes-indigenas.md","Habitantes Indígenas","Aprende sobre historias o leyendas tradicionales de poblaciones indígenas que viven en los bosques de tu país. Prepara una obra de teatro.","Obra de teatro sobre leyendas indígenas del bosque.","bosques-C01"
"ozono-y-quemaduras-de-sol.md","Ozono y quemaduras de sol","Investiga sobre el ozono y los riesgos de la exposición solar, y aprende a identificar tu tipo de piel para protegerte adecuadamente.","Aprende a protegerte del Sol.","gosolar-B02"
"escondite-junto-al-agua.md","Escondite junto al agua","Construcción de un escondite camuflado junto al agua para observar la vida silvestre sin ser visto.","Construir un escondite para observar fauna.","biodiversidad-B27"
"estudia-los-desastres-naturales.md","Estudia los desastres naturales","Actividad obligatoria para investigar desastres naturales relacionados con el clima y analizar los esfuerzos de recuperación.","Investigar desastres naturales y recuperación.","cambioclimatico-D02"
"todo-sobre-la-polinizacion.md","Todo sobre la polinización","Creación de una presentación sobre los diferentes tipos de polinización y polinizadores utilizando videos y animaciones.","Crear una presentación sobre polinización.","polinizadores-A08"
"arte-natural.md","Arte natural","Creación de arte con materiales naturales y organización de una exposición sobre el mensaje ambiental.","Crear arte con materiales naturales.","biodiversidad-D17"
"explorando-los-mares-polares.md","Explorando los Mares Polares","Imagina que te unes a una expedición al Ártico y escribe un diario sobre la experiencia.","Diario de una expedición al Ártico.","oceano-C11"
"lideres-jovenes.md","Líderes jóvenes","Investigación sobre el activismo juvenil en el cambio climático y desarrollo de un plan de acción para unirse a la lucha.","Investigar activismo juvenil climático.","cambioclimatico-D09"
"tu-flor-favorita.md","Tu Flor Favorita","Escribe un poema sobre tu flor favorita y la importancia del suelo para su crecimiento.","Poema sobre una flor y el suelo.","suelos-B03"
"saneamiento-en-el-suelo.md","Saneamiento en el Suelo","Experimenta con el suelo como filtro de agua.","Experimento de filtrado de agua con suelo.","suelos-B10"
"cual-es-la-mas-aterradora.md","¿Cuál es la Más Aterradora de Todas?","Comparte ideas sobre cuál amenaza natural consideras más aterradora y diseña un superpoder para protegerte de ella.","Reflexión sobre amenazas y superpoderes.","rrd-A03"
"transmitiendo-datos-sobre-el-suelo.md","Transmitiendo Datos sobre el Suelo","Crea una exhibición pública sobre el suelo y su degradación.","Exhibición pública sobre el suelo.","suelos-D02"
"lista-seguridad-electrica.md","Lista de seguridad eléctrica","Crea una lista de verificación de seguridad eléctrica para tu hogar y escuela, y aprende a mantenerte seguro alrededor de la electricidad.","Aprende a estar seguro con la electricidad.","energia-C10"
"impresiones-de-esporas.md","Impresiones de esporas","Recolección y creación de impresiones de esporas de diferentes especies de hongos para aprender sobre su diversidad.","Crear impresiones de esporas de hongos.","biodiversidad-A08"
"planta-un-arbol.md","","","",""
"simulando-limpieza-petroleo.md","Simulando Limpieza de Petroleo","Los participantes simulan la limpieza de un derrame de petróleo utilizando diferentes materiales absorbentes y dispersantes, comprendiendo la dificultad de esta tarea.","Simula la limpieza de un derrame de petróleo.","agua-C45"
"energia-en-los-alimentos.md","Energía en los alimentos","Crea un juego de cartas para relacionar alimentos con la energía usada en su producción, desde la pesca hasta los fertilizantes.","Descubre la energía oculta en tu comida.","energia-C14"
"encuesta-sobre-el-suelo.md","Encuesta sobre el Suelo","Pregunta a las personas sobre el rol del suelo en sus vidas y crea una exposición.","Encuesta sobre la importancia del suelo.","suelos-B01"
"los-biomas-son-hogares.md","Los Biomas son Hogares","Aprende sobre diferentes biomas forestales, sus características y ubicación. Comparte tus respuestas con tu grupo.","Investigación sobre biomas forestales.","bosques-A02"
"habitos-saludables-personas-saludables.md","Hábitos Saludables, Personas Saludables","Los participantes aprenden sobre la transmisión de enfermedades y la importancia de los hábitos de higiene a través de un juego interactivo que simula cómo se propagan los gérmenes.","Juego sobre la transmisión de enfermedades.","agua-D42"
"arte-de-reutilizar-plastico.md","El Arte de Reutilizar","Los jóvenes recolectan plásticos desechados y los transforman en obras de arte, desarrollando su creatividad mientras reflexionan sobre el reciclaje y la reutilización de residuos plásticos.","Crea arte con plásticos reutilizados.","plastics-P07"
"pescado-sostenible.md","Pescado sostenible","Visita a un supermercado para identificar productos pesqueros sostenibles y crear un póster para promover su consumo.","Identificar y promover pescado sostenible.","biodiversidad-B19"
"conociendo-a-los-insectos.md","Conociendo a los Insectos","Investiga un organismo del suelo y crea un póster sobre su rol en el ecosistema.","Investigación de organismos del suelo.","suelos-A05"
"anillos-anuales.md","Anillos Anuales","Examina un tocón o tronco cortado para contar sus anillos de crecimiento. Determina la edad del árbol y su historia.","Investigación de anillos de crecimiento en árboles.","bosques-A07"
"purificacion-agua-sodis.md","Purificación de agua (SODIS)","Purifica agua usando la energía del Sol con el método SODIS, aprendiendo una técnica simple y efectiva para potabilizar agua.","Purifica agua con energía solar.","gosolar-C03"
"especies-locales-polinizadores.md","Especies locales","Investigación de las principales especies de polinizadores en tu región y creación de un ensayo fotográfico.","Investigar polinizadores locales.","polinizadores-A07"
"modelo-de-humedal.md","Modelo de Humedal","Los participantes construyen un modelo de humedal para aprender sus funciones: control de inundaciones, purificación de agua y hábitat para la vida silvestre.","Construye un modelo de humedal.","agua-A50"
"exploracion-de-arroyo-o-estanque.md","Exploración de arroyo o estanque","Exploración de un arroyo o estanque para examinar la vida acuática y evaluar la calidad del agua.","Explorar la vida en arroyos y estanques.","biodiversidad-B07"
"camisetas-sucias.md","Camisetas Sucias","Investiga de dónde vienen los materiales de tu ropa favorita.","Investigación de fibras y suelo.","suelos-B05"
"sedimento-sucio.md","Sedimento Sucio","Los participantes crean un modelo de cuenca para explorar cómo la sedimentación afecta los cuerpos de agua y cómo la erosión del suelo puede impactar negativamente en la vida acuática.","Explora cómo la sedimentación afecta el agua.","agua-C32"
"control-zona-riberena.md","Control de la Zona Ribereña","Los participantes aprenden sobre las zonas ribereñas y su función en el mantenimiento de ecosistemas acuáticos saludables a través de juegos y actividades prácticas.","Aprende sobre las zonas ribereñas.","agua-C35"
"tarjetas-de-felicitacion-recicladas.md","Tarjetas de felicitación recicladas","Haz tarjetas con materiales reutilizados y explica la importancia del reciclaje.","Tarjetas recicladas.","sacc-C15"
"objetos-y-sus-origenes.md","Objetos y sus orígenes","Identificación de objetos cotidianos que se originan en la biodiversidad y creación de un collage.","Identificar orígenes de objetos en la biodiversidad.","biodiversidad-D09"
"cine-y-plastico.md","Cine y plástico: aprendiendo con películas","Ve un documental sobre contaminación plástica y organiza un debate para inspirar a otros a reducir el uso de plásticos de un solo uso.","Aprende sobre plásticos viendo documentales.","plastics-B05"
"la-seguridad-alimentaria-en-accion.md","La Seguridad Alimentaria en Acción","Visita una granja, planta de alimentos, restaurante o tienda para aprender cómo se manipulan los alimentos de manera segura.","Visita para aprender sobre seguridad alimentaria.","nutricion-C02"
"acuerdos-internacionales.md","Acuerdos internacionales","Investigación de acuerdos internacionales que protegen la biodiversidad y creación de una obra de teatro o póster.","Investigar acuerdos internacionales sobre biodiversidad.","biodiversidad-D15"
"intercambios.md","Intercambios","Organiza un intercambio o campamento de verano con otro grupo que trabaje en temas de malnutrición.","Intercambio juvenil sobre nutrición.","nutricion-E16"
"el-debate-sobre-la-mg.md","El Debate sobre la MG","Investiga y debate sobre la modificación genética en la agricultura.","Debate sobre modificación genética.","suelos-C13"
"sonidos-y-senales.md","Sonidos y Señales","Realiza una misión de observación temprano en la mañana en un bosque. Escucha sonidos de animales, busca huellas y pistas.","Observación de animales del bosque a través de sonidos y rastros.","bosques-A03"
"choque-de-culturas.md","Choque de Culturas","Investiga los hábitos alimenticios de otros países y culturas, y compáralos con los tuyos.","Comparación de hábitos alimenticios entre culturas.","nutricion-B04"
"viajeros-del-aire.md","Viajeros del aire","Actividad para observar cómo animales y plantas viajan por el aire, dibujando rasgos que permiten el movimiento aéreo.","Observar cómo animales y plantas viajan por el aire.","biodiversidad-A03"
"identificando-alternativas-plastico.md","Identificando alternativas a los plásticos","Los jóvenes identifican productos plásticos de un solo uso y buscan alternativas sostenibles, aprendiendo a reducir su consumo de plásticos en la vida cotidiana.","Encuentra alternativas sostenibles a los plásticos.","plastics-P09"
"juego-agua-caliente.md","Juego del Agua Caliente","Los participantes aprenden vocabulario clave relacionado con los problemas globales del agua a través de un juego interactivo que explora conceptos como escasez, saneamiento y derechos humanos.","Juego de vocabulario sobre el agua.","agua-C50"
"aguas-en-literatura.md","Aguas en Literatura","Lee una novela donde el agua sea importante y escribe una reseña.","Reseña literaria sobre el agua.","agua-A14"
"bosques-en-llamas.md","Bosques en Llamas","Averigua cómo tu municipalidad y/o tu país maneja los incendios forestales. Comparte tus ideas con tu grupo.","Investigación sobre el manejo de incendios forestales.","bosques-D13"
"adopta-un-rio-o-lago.md","Adopta un río o lago","Adopta un río, lago u otra área, límpialo y monitorea su recuperación.","Adopción de área natural.","sacc-C33"
"tu-cuerpo-de-agua-favorito.md","Tu Cuerpo de Agua Favorito","Los participantes organizan un concurso de fotografía para descubrir el cuerpo de agua favorito de su escuela o grupo, reflexionando sobre la importancia de proteger los recursos hídricos locales.","Concurso de fotografía sobre el agua.","agua-E42"
"construyendo-de-mejor-manera.md","Construyendo de Mejor Manera","Diseña y construye un modelo de un edificio resiliente a todo tipo de amenazas.","Modelo de edificio resiliente a desastres.","rrd-B02"
"el-clima-de-tu-comunidad.md","El clima de tu comunidad","Actividad obligatoria de investigación sobre el clima local, sus características y cómo el cambio climático podría afectar a la comunidad.","Investigación sobre el clima local y sus impactos.","cambioclimatico-A02"
"extrayendo-el-agua-dulce.md","Extrayendo el Agua Dulce","Extrae agua dulce del agua salada usando un proceso de evaporación y condensación.","Extracción de agua dulce del agua salada.","oceano-A07"
"geiseres-y-aguas-termales.md","Géiseres y aguas termales","Investiga fuentes de energía geotérmica en tu área (géiseres, aguas termales) o estudia un ejemplo famoso como el géiser Old Faithful.","Explora la energía geotérmica.","energia-B05"
"presiones-pintadas.md","Presiones Pintadas","Crea arte para mostrar las diferentes presiones que enfrentan los suministros de agua.","Arte sobre las presiones del agua.","agua-C04"
"construi-la-ciudad-de-tus-suenos.md","Construí la ciudad de tus sueños","Los participantes imaginan y diseñan una ciudad sostenible, aplicando conceptos de los ODS y reflexionando sobre cómo vivir de manera más sostenible en su comunidad.","Diseña una ciudad sostenible.","mundomejor-E03"
"que-empiece-el-juego.md","¡Que Empiece el Juego!","Registra tu actividad física diaria, compárala con tu grupo y planifica nuevos deportes de equipo.","Seguimiento de actividad física y planificación deportiva.","nutricion-A02"
"acidificacion-del-oceano.md","Acidificación del Océano","Experimento para entender cómo la acidificación del océano afecta a la vida marina, especialmente a los organismos con conchas.","Experimento sobre acidificación oceánica.","oceano-D05"
"acampada-bajo-impacto.md","Acampada de bajo impacto","Planifica y realiza una acampada con conciencia energética, minimizando tu huella de carbono y siendo eficiente.","Acampa cuidando el medio ambiente.","energia-E16"
"cocina-solar.md","Cocina solar","Construye un horno solar o una turbina de agua para cocinar al aire libre usando la energía del Sol o del agua.","Cocina usando energía solar.","energia-C09"
"perspectiva-femenina.md","Perspectiva Femenina","Entrevista a mujeres sobre sus ideas para la recuperación y reconstrucción después de desastres.","Perspectivas de mujeres sobre recuperación.","rrd-C06"
"campana-escolar-polinizadores.md","Campaña escolar","Lanzamiento de una campaña mensual en la escuela para crear conciencia sobre los polinizadores y tomar acciones concretas.","Organizar una campaña escolar sobre polinizadores.","polinizadores-D09"
"poderes-de-persuasion.md","Poderes de persuasión","Crea una campaña de concientización sobre plásticos en un área comercial local usando carteles y redes sociales.","Concientiza a tu comunidad sobre los plásticos.","plastics-C02"
"productos-reciclables.md","Productos reciclables","Averigua qué productos son reciclables en tu vecindario.","Investigación de reciclaje local.","sacc-A33"
"entendiendo-los-pesticidas.md","Entendiendo los pesticidas","Investigación sobre los pesticidas más dañinos para los polinizadores y sus alternativas no tóxicas.","Investigar pesticidas y alternativas seguras.","polinizadores-C08"
"reduccion-de-papel-en-la-escuela.md","Reducción de papel en la escuela","Reduce el uso de papel en la escuela.","Reducción de papel escolar.","sacc-A23"
"descubriendo-desastres.md","Descubriendo Desastres","Investiga un desastre reciente y analiza sus labores de recuperación.","Análisis de un desastre reciente.","rrd-C07"
"visita-al-tiradero-de-basura.md","Visita al tiradero de basura","Visita el tiradero de basura local y analiza su sostenibilidad.","Visita a tiradero de basura.","sacc-C23"
"gafas-de-alimentos.md","¡Caminando con gafas de alimentos puestas!","Los participantes caminan por el barrio buscando objetos relacionados con la producción y consumo de alimentos, y reflexionan sobre la sostenibilidad de las cadenas alimentarias.","Descubre el camino de los alimentos.","cfn-A04"
"fotografia-de-la-naturaleza.md","Fotografía de la naturaleza","Exploración y documentación fotográfica de espacios verdes urbanos para crear una exposición que promueva su importancia.","Fotografiar espacios verdes urbanos.","ciudadesverdes-B05"
"se-un-polinizador.md","Sé un polinizador","Experimentá la polinización en primera persona, realizando el trabajo de un polinizador para comprender su importancia.","Polinizar flores manualmente.","polinizadores-A04"
"inicio-de-los-plasticos.md","Inicio de los plásticos (Plásticos - Antes y ahora)","Una actividad que ayuda a los jóvenes a comprender que el uso masivo del plástico es un fenómeno relativamente reciente, comparando el consumo actual con el de generaciones pasadas y reflexionando sobre alternativas.","Investiga cómo el plástico reemplazó a los productos naturales en la vida cotidiana.","plastics-P05"
"biodegradable-o-no.md","¿Biodegradable o no?","Experimento práctico para descubrir qué objetos son biodegradables y cuáles no, enterrándolos en el suelo durante dos semanas.","Descubre qué materiales se descomponen naturalmente.","plastics-A05"
"energia-creativa.md","Energía creativa","Escribe una historia corta sobre una forma innovadora de generar electricidad, como una bicicleta que genera energía, y dibuja o construye un modelo.","Imagina nuevas formas de generar energía.","energia-D03"
"comestibles-energetico.md","Comestibles energéticos","Investigación sobre la energía necesaria para producir diferentes alimentos y preparación de una comida de bajo consumo energético.","Investigar energía en alimentos y cocinar bajo consumo.","cambioclimatico-B12"
"proyecto-de-plantacion-de-arboles.md","Proyecto de plantación de árboles","Forma parte de un proyecto para plantar árboles.","Plantación de árboles.","sacc-C26"
"carta-energias-renovables.md","Carta por las energías renovables","Investiga el porcentaje de energía renovable en tu país y escribe una carta al gobierno pidiendo más inversión en energías limpias.","Escribe al gobierno sobre energías renovables.","energia-B11"
"album-sobre-usos-del-oceano.md","Álbum sobre Usos del Océano","Crea un álbum sobre los diferentes usos del océano y los productos que provienen de él.","Álbum sobre usos del océano.","oceano-C03"
"haciendo-olas.md","Haciendo Olas","Experimenta cómo se forman las olas usando una bandeja, agua y un abanico.","Experimento sobre la formación de olas.","oceano-A03"
"mapa-de-contaminacion.md","Mapa de contaminación","Creación de un mapa comunitario para identificar fuentes de contaminación y sus impactos en la biodiversidad.","Mapear fuentes de contaminación en la comunidad.","biodiversidad-A17"
"proteccion-contra-la-contaminacion.md","Protección contra la Contaminación","Crea un póster sobre los efectos de la contaminación en el suelo.","Póster sobre contaminación del suelo.","suelos-D07"
"expedicion-cambio-climatico.md","Expedición al Cambio Climático","Los participantes exploran cómo el cambio climático afecta la disponibilidad de agua en todo el mundo a través de la lectura y discusión de un texto sobre sequías extremas.","Explora el impacto del cambio climático en el agua.","agua-C47"
"olas-verdes.md","","","",""
"proteccion-contra-tormentas.md","Protección contra tormentas","Investigación sobre cómo los ecosistemas marinos protegen a las regiones costeras de tormentas y su valor para las comunidades.","Investigar protección costera por ecosistemas marinos.","biodiversidad-B16"
"carteles-en-el-parque.md","Carteles en el parque","Creación y colocación de carteles informativos sobre polinizadores en un parque local.","Colocar carteles sobre polinizadores en un parque.","polinizadores-D05"
"auditoria-personal-del-agua.md","Auditoría Personal del Agua","Los participantes realizan una auditoría personal de su uso diario del agua, calculando cuántos litros consumen y reflexionando sobre la importancia de conservar este recurso.","Calcula tu consumo personal de agua.","agua-B34"
"agua-embotellada.md","Agua embotellada","Investiga si el agua del grifo es segura y deja de comprar agua embotellada.","Reducción del consumo de agua embotellada.","sacc-B02"
"jardin-amigo-de-la-biodiversidad.md","Jardín amigo de la biodiversidad","Creación de un jardín que ofrezca hogares para diferentes especies utilizando objetos reciclados.","Crear un jardín para biodiversidad.","biodiversidad-C23"
"la-encuesta-de-los-habitos-alimenticios.md","La Encuesta de los Hábitos Alimenticios","Realiza una encuesta sobre hábitos alimenticios en tu comunidad y analiza los resultados.","Encuesta sobre hábitos alimenticios.","nutricion-E10"
"tratamiento-del-agua.md","Tratamiento del Agua","Los participantes aprenden cómo el agua entra y sale de los hogares, y cómo es tratada antes y después de su uso a través de una visita o charla con un experto local.","Aprende cómo se trata el agua.","agua-B41"
"cambio-climatico-y-agricultura.md","Cambio climático y agricultura","Actividad obligatoria para analizar cómo el cambio climático afecta la producción de alimentos y la seguridad alimentaria.","Analizar impactos del cambio climático en la agricultura.","cambioclimatico-C02"
"observaciones-astronomicas.md","Observaciones astronómicas","Investigación sobre cómo la órbita de la Tierra y su inclinación afectan el clima a lo largo de decenas de miles de años.","Investigar la órbita de la Tierra y su influencia en el clima.","cambioclimatico-B16"
"polinizadores-y-contaminacion.md","Polinizadores y contaminación","Investigación sobre la contaminación del aire y su efecto en los polinizadores, y el impacto de las ondas electromagnéticas.","Investigar contaminación y su efecto en polinizadores.","polinizadores-C09"
"necesidades-y-deseos.md","Necesidades y Deseos","Los participantes reflexionan sobre la diferencia entre necesidades y deseos, y discuten por qué el acceso al agua potable y al saneamiento son considerados derechos humanos fundamentales.","Reflexiona sobre necesidades y deseos.","agua-D34"
"comidamania.md","Comidamanía","Reflexiona sobre tus elecciones de alimentos y planifica una comida sostenible con tu grupo.","Planificación de una comida sostenible.","nutricion-D01"
"tus-ods.md","Tus ODS","Propón tus propios Objetivos de Desarrollo Sostenible para abordar el hambre después del 2015.","Propuesta de nuevos Objetivos de Desarrollo Sostenible.","hambre-D09"
"como-afecta-contaminacion-naturaleza.md","¿Cómo Afecta la Contaminación a la Naturaleza?","Los participantes investigan los efectos de diferentes contaminantes en el crecimiento de las plantas a través de un experimento con semillas de frijol.","Experimento sobre contaminación y plantas.","agua-D39"
"como-pescan-los-pescadores.md","Cómo Pescan los Pescadores","Organiza un debate sobre la sostenibilidad de diferentes métodos y equipos de pesca.","Debate sobre sostenibilidad pesquera.","oceano-C07"
"agua-crecimiento-humano.md","Agua y Crecimiento Humano","Los participantes reflexionan sobre cómo el crecimiento de la población afecta los recursos hídricos a través de un ejercicio de dibujo que muestra los cambios en un ecosistema lacustre.","Dibuja cómo el crecimiento humano afecta el agua.","agua-C49"
"la-seguridad-es-primero.md","La Seguridad es Primero","Aprende sobre normas de seguridad y protección para trabajadores forestales. Crea una lista de control de seguridad para el bosque.","Lista de control de seguridad forestal.","bosques-B03"
"como-podemos-solucionarlo.md","¿Cómo podemos solucionarlo?","Los participantes identifican problemáticas locales, las relacionan con los ODS y diseñan un proyecto o campaña para abordarlas.","Identifica y soluciona problemáticas locales.","mundomejor-E01"
"cantad-una-cancion-con-accion.md","Cantad una Canción con Acción","Compón y canta una canción con movimientos sobre la importancia de la actividad física y la nutrición.","Canción con acción sobre salud.","nutricion-E03"
"aves-migratorias.md","Aves migratorias","Observación de aves migratorias en parques o áreas protegidas para aprender sobre sus especies y cantos.","Observar aves migratorias en su hábitat.","biodiversidad-A04"
"vegetacion-unica.md","Vegetación Única","Durante una caminata por el bosque, dibuja cinco tipos diferentes de vegetación y señala sus rasgos únicos.","Dibujo y observación de vegetación forestal.","bosques-A12"
"climas-cambiantes.md","Climas Cambiantes","Investiga la conexión entre el suelo y el cambio climático.","Suelo y cambio climático.","suelos-B14"
"medios-de-subsistencia-alternativos.md","Medios de Subsistencia Alternativos","Lista productos forestales que las personas usan para su subsistencia. Inventa un juego educativo sobre productos forestales.","Juego educativo sobre productos forestales para subsistencia.","bosques-B02"
"de-donde-viene-tu-comida.md","¿De Dónde Viene tu Comida?","Investiga el origen de los alimentos que comes y su impacto medioambiental.","Investigación sobre el origen de los alimentos.","nutricion-D10"
"guion-grafico-sobre-la-trampa-del-hambre.md","Guión Gráfico sobre la Trampa del Hambre","Crea un personaje atrapado en la trampa del hambre y dibuja un guión gráfico con tres caminos hacia el círculo virtuoso.","Creación de un guión gráfico sobre la trampa del hambre.","hambre-C02"
"el-baile-del-agua.md","El Baile del Agua","Crea una coreografía inspirada en los movimientos del agua.","Coreografía sobre el movimiento del agua.","agua-A08"
"barra-de-nectar.md","Barra de néctar","Creación de un jardín con plantas que florecen en diferentes épocas para alimentar abejas, avispas y moscas.","Crear un jardín para polinizadores.","biodiversidad-A07"
"piramide-de-alimentos.md","Pirámide de alimentos","Los participantes reflexionan sobre su dieta, comparan su consumo con la pirámide alimentaria recomendada y analizan el impacto ambiental de sus elecciones alimentarias.","Analiza tu dieta y su impacto ambiental.","cfn-A09"
"tus-frutas-y-verduras-favoritas.md","Tus frutas y verduras favoritas","Investigación sobre las frutas y verduras favoritas y su relación con los polinizadores.","Investigar frutas y verduras y su polinización.","polinizadores-B01"
"examina-tu-cocina.md","Examina tu Cocina","Inspecciona tu cocina y los lugares donde guardas la comida para mejorar la seguridad alimentaria en casa.","Inspección de seguridad alimentaria en la cocina.","nutricion-C01"
"observa-tu-agua.md","Observa tu Agua","Monitorea y reduce el uso de agua en tu hogar durante una semana.","Monitoreo de consumo de agua en el hogar.","agua-B01"
"intercambio-internacional-de-recetas.md","Intercambio Internacional de Recetas","Calcula la huella hídrica de tu plato favorito y comparte recetas con otros.","Huella hídrica de recetas.","agua-B08"
"camina-o-usa-bicicleta.md","Camina o usa bicicleta","Camina o usa tu bicicleta para ir a la escuela o al trabajo.","Transporte sostenible.","sacc-A06"
"presentaciones-sobre-desastres-naturales.md","Presentaciones sobre Desastres Naturales","Investiga desastres naturales en diferentes países o regiones y su relación con el hambre.","Investigación sobre desastres naturales y hambre.","hambre-C08"
"juego-de-la-energia.md","Juego de la energía","Juego de movimiento donde los participantes imitan diferentes fuentes de energía mediante acciones divertidas.","Aprende sobre energía jugando.","energia-B03"
"compras-sostenibles.md","Compras Sostenibles","Evalúa las prácticas sostenibles en tu cocina y crea una lista de acciones para mejorar.","Evaluación de prácticas sostenibles en la cocina.","nutricion-D06"
"juego-del-globo.md","El juego del globo","Juego con un globo terráqueo para conectar productos cotidianos con los países de donde provienen.","Conecta productos con sus países de origen.","energia-D05"
"cadenas-alimentarias.md","Cadenas Alimentarias","Investiga las etapas de producción de un alimento y crea una cadena alimentaria con dibujos.","Investigación sobre la producción de alimentos.","hambre-B04"
"necesito-agua-y-tu-tambien.md","Necesito Agua y Tú También","Los participantes exploran la dependencia del agua desde la perspectiva de un animal local, creando un anuncio publicitario para concienciar sobre la importancia de proteger las fuentes de agua.","Crea un anuncio desde la perspectiva de un animal.","agua-E34"
"redd.md","REDD+","Graba un podcast o escribe un artículo para explicar el REDD+, cómo funciona y su potencial para la biodiversidad forestal. Da tu opinión sobre este.","Investigación y comunicación sobre REDD+.","bosques-B16"
"adivinanzas-sobre-el-clima.md","Adivinanzas sobre el clima","Juego de adivinanzas para aprender términos relacionados con el cambio climático de forma divertida.","Juego de adivinanzas sobre términos climáticos.","cambioclimatico-B07"
"carta-al-editor.md","Carta al editor","Redacción de una carta al editor sobre un artículo relacionado con la biodiversidad para publicar en un periódico.","Escribir una carta al editor sobre biodiversidad.","biodiversidad-D28"
"piensa-en-los-alimentos.md","Piensa en los alimentos","Investigación sobre alimentos que podrían desaparecer debido al cambio climático y cómo podemos salvarlos.","Investigar alimentos amenazados por el cambio climático.","cambioclimatico-C08"
"animales-de-la-cuenca.md","Animales de la cuenca hidrográfica","Los participantes investigan animales que viven en su cuenca hidrográfica y crean pósters informativos sobre ellos.","Descubre los animales que viven en tu cuenca.","agua-A41"
"compostaje.md","Compostaje","Aprendizaje sobre el compostaje y creación de un compostador para reducir residuos orgánicos.","Aprender y hacer compostaje.","biodiversidad-C14"
"arte-con-energia-solar.md","Arte con energía solar","Realiza un experimento solar para crear arte usando la energía del Sol y descubre cuánta energía contiene la luz solar.","Crea arte usando el poder del Sol.","energia-B08"
"visita-a-un-apiario.md","Visita a un apiario","Visita a una operación apícola local para aprender sobre el trabajo de los apicultores y el comportamiento de las abejas.","Visitar un apiario local.","polinizadores-A06"
"tour-de-cuenca-de-agua.md","Tour de cuenca de agua","Actividad obligatoria para organizar un tour guiado de la cuenca de agua local y educar a la comunidad.","Organizar un tour guiado de la cuenca de agua.","biodiversidad-B02"
"p-y-r.md","P & R","Prepara preguntas sobre amenazas y RRD, e invita a un experto para responderlas.","Preguntas y respuestas con experto en amenazas.","rrd-B05"
"proyecto-servicio-comunitario-cfn.md","Proyecto de servicio comunitario","Planifica, ejecuta y evalúa un proyecto de servicio comunitario para abordar problemas ambientales relacionados con el consumo responsable o la biodiversidad.","Actúa para proteger el medio ambiente en tu comunidad.","cfn-C01"
"el-futuro-del-agua.md","El Futuro del Agua","Diseña y construye un modelo de una casa o ciudad del futuro que use el agua de manera eficiente.","Modelo de ciudad futurista eficiente en agua.","agua-A16"
"clima-y-salud.md","Clima y salud","Investigación sobre cómo el clima afecta la propagación de enfermedades y cómo el cambio climático impacta la salud humana.","Investigar la relación entre clima y salud.","cambioclimatico-A11"
"aventuras-al-aire-libre.md","Aventuras al Aire Libre","Investiga actividades recreativas en el bosque. Elige tres actividades y crea una guía ilustrada. Lleva a cabo al menos una.","Guía ilustrada de actividades recreativas forestales.","bosques-C04"
"contacto-con-expertos.md","Contacto con expertos","Contacta a expertos en cambio climático y medio ambiente.","Contacto con expertos ambientales.","sacc-C10"
"energia-verde.md","Energía verde","Investiga y promueve la instalación de paneles solares u otros sistemas de energía verde.","Promoción de energía renovable.","sacc-A13"
"dj-por-un-dia.md","'DJ' por un Día","Prepárate para ser DJ de una estación de radio por un día y promueve la lucha contra el hambre.","Radio comunitaria contra el hambre.","hambre-E04"
"aprende-a-conseguir-agua-potable.md","Aprende a Conseguir Agua Potable","Aprende diferentes métodos para potabilizar el agua y hacerla segura para beber.","Métodos para potabilizar agua.","nutricion-C07"
"la-cometa-de-la-alimentacion.md","La Cometa de la Alimentación","Construye una cometa decorada con un deseo para acabar con el hambre y hazla volar para difundir tu mensaje.","Construcción de cometa con mensaje contra el hambre.","hambre-D03"
"visita-a-una-granja-urbana.md","Visita a una granja urbana","Visita a una granja urbana local para conocer cómo contribuye a la ciudad verde y aprender sobre agricultura urbana.","Visitar una granja urbana local.","ciudadesverdes-C03"
"los-centinelas-de-la-salud.md","Los Centinelas de la Salud","Crea una lista de hábitos saludables para tu familia y haz un seguimiento mensual.","Seguimiento de hábitos saludables familiares.","nutricion-A08"
"voluntario-por-los-bosques.md","","","",""
"abogar-por-el-cambio-plastico.md","Abogar por el cambio: plásticos en la comunidad","Escribe una carta a un político o autoridad ambiental local con sugerencias para reducir los residuos plásticos en tu comunidad.","Convierte tus ideas en acción política.","plastics-C07"
"prueba-de-densidad.md","Prueba de densidad","Los participantes realizan experimentos para aprender sobre la salinidad y la densidad del agua, y cómo estas propiedades afectan a los océanos y estuarios.","Experimenta con la densidad del agua.","agua-A44"
"fiesta-de-la-salud.md","Fiesta de la Salud","Organiza un Día de la Salud en tu comunidad con actividades divertidas, juegos olímpicos, concursos y profesionales sanitarios.","Evento comunitario sobre salud y nutrición.","nutricion-A01"
"audita-residuos-plastico.md","Audita tus hábitos de uso de plásticos y averigua a dónde van tus residuos","Los jóvenes auditan su uso de plásticos durante un mes, identifican dónde van sus residuos y se comprometen a reducir su consumo de plásticos en un 50%, documentando su progreso en redes sociales o blogs.","Audita tu plástico y reduce su uso.","plastics-P17"
"tarjetas-sobre-ahorro-de-agua.md","Tarjetas sobre ahorro de agua","Crea tarjetas con datos sobre el ahorro de agua.","Tarjetas educativas sobre agua.","sacc-A16"
"un-clima-que-da-vida.md","Un clima que da vida","Actividad de entrevistas para explorar cómo el clima contribuye a la salud y bienestar de todas las formas de vida.","Entrevistar a miembros de la comunidad sobre la importancia del clima.","cambioclimatico-A08"
"visita-planta-energetica.md","Visita a una planta de energía","Visita un lugar donde se produce energía (parque eólico, presa hidroeléctrica, planta solar) y escribe un artículo periodístico sobre tu experiencia.","Conoce cómo se produce la energía.","energia-B02"
"agua-sin-fronteras.md","Agua sin Fronteras","Aprende sobre las aguas transfronterizas y juega a ser mediador en un conflicto por el agua.","Simulación de conflictos por aguas transfronterizas.","agua-C08"
"los-bosques-y-las-nnuu.md","Los Bosques y las NN.UU.","Aprende sobre dos agencias de las Naciones Unidas que trabajan por los bosques. Comparte tus hallazgos con tu grupo.","Investigación sobre agencias de la ONU relacionadas con bosques.","bosques-B11"
"plantas-medicinales.md","Plantas medicinales","Investigación de plantas medicinales en la comunidad y sus usos tradicionales.","Investigar plantas medicinales locales.","biodiversidad-C17"
"el-manejo-de-los-cultivos.md","El Manejo de los Cultivos","Cultiva plantas en macetas bajo diferentes condiciones de agua y luz para aprender sobre el manejo de cultivos.","Experimento sobre el cuidado de cultivos.","hambre-C04"
"canta-para-la-cena.md","Canta para la Cena","Compón una canción con letra nueva sobre nutrición usando una melodía conocida.","Creación musical sobre nutrición.","nutricion-A04"
"diversidad-en-el-mercado.md","Diversidad en el mercado","Visita a un mercado para identificar ejemplos de diversidad de especies y diversidad genética en alimentos.","Explorar diversidad biológica en el mercado.","biodiversidad-C05"
"planificador-de-comidas.md","Planificador de Comidas","Planifica un menú del día para un compañero, considerando sus necesidades nutricionales y actividad física.","Planificación de menús personalizados.","nutricion-B09"
"tuberias-y-charcos-inteligentes.md","Tuberías y Charcos Inteligentes","Los participantes crean y juegan un juego de mesa para aprender sobre el uso inteligente del agua y cómo las acciones cotidianas afectan la disponibilidad del agua.","Juego de mesa sobre el uso inteligente del agua.","agua-D35"
"a-punto-o-sin-punto.md","A Punto o Sin Punto","Los participantes aprenden a distinguir entre fuentes de contaminación puntuales y no puntuales a través de un juego interactivo.","Juego para identificar fuentes de contaminación.","agua-C36"
"contenedores-de-reciclaje.md","Contenedores de reciclaje","Asegura contenedores separados para reciclaje en casa y escuela.","Separación de residuos.","sacc-C24"
"investigacion-microplasticos.md","Investigación de microplásticos","Investiga qué productos cotidianos contienen microplásticos y aprende a evitarlos.","Descubre los microplásticos ocultos en tu hogar.","plastics-B06"
"responsabilidad-corporativa.md","Responsabilidad Corporativa","Los participantes reflexionan sobre el papel de las empresas en la protección del agua y escriben una carta a un negocio local para solicitar su apoyo en una iniciativa relacionada con el agua.","Escribe a una empresa para apoyar el agua.","agua-E48"
"medios-de-comunicacion-marinos.md","Medios de Comunicación Marinos","Crea un video, historia fotográfica, obra de teatro o podcast sobre cómo los humanos afectan al océano local.","Creación de contenido sobre impactos humanos en el océano.","oceano-D02"
"ciclo-agua-uso-agua.md","El Ciclo del Agua y el Uso del Agua","Los participantes crean una historia creativa sobre el viaje de una gota de agua a través del ciclo del agua, mostrando cómo se mueve entre diferentes estados y lugares.","Crea la historia de una gota de agua.","agua-B45"
"hambre-en-el-hogar.md","Hambre en el Hogar","Investiga cómo el hambre afecta a las personas en tu región o país. Elabora un reporte o póster sobre tus hallazgos.","Investigación sobre el hambre en tu comunidad.","hambre-A11"
"redescubre-alimentos-olvidados.md","Redescubre Alimentos Olvidados","Descubre alimentos tradicionales que tus abuelos comían y que hoy están olvidados.","Redescubrimiento de alimentos tradicionales.","nutricion-D19"
"clasificacion-de-carbono.md","Clasificación de carbono","Investigación sobre las emisiones de CO2 por país y per cápita para entender la distribución global de emisiones.","Investigar emisiones de CO2 por país.","cambioclimatico-B14"
"los-bosques-y-el-fuego.md","Los Bosques y el Fuego","Aprende cómo construir y disfrutar de una fogata al aire libre de manera segura. Investiga sobre diferentes tipos de madera y prevención de incendios.","Aprendizaje seguro sobre fogatas y prevención de incendios forestales.","bosques-C02"
"para-que-nos-alcanza.md","¿Para qué nos alcanza?","Los participantes simulan la compra de alimentos para una familia con el valor de una canasta básica alimentaria, reflexionando sobre la pobreza y la inseguridad alimentaria.","Simula la compra de alimentos con recursos limitados.","mundomejor-E06"
"regular-uso-plasticos.md","Regular el uso de plásticos","Los jóvenes simulan un proceso parlamentario para redactar y debatir normas sobre el uso y eliminación de plásticos en su escuela o comunidad, comprendiendo la importancia de las leyes y la participación ciudadana.","Redacta normas para reducir el plástico en tu escuela.","plastics-P20"
"habitats-marinos.md","Hábitats Marinos","Investiga un hábitat marino diferente a tu playa local y presenta tus hallazgos.","Investigación sobre hábitats marinos.","oceano-B10"
"temperaturas-en-alza-mares-en-alza.md","Temperaturas en Alza, Mares en Alza","Experimento para entender cómo el derretimiento del hielo marino y de los glaciares afecta el nivel del mar.","Experimento sobre el aumento del nivel del mar.","oceano-D03"
"explora-un-estanque.md","Explora un estanque","Los participantes exploran un ecosistema acuático en un estanque, observando y recolectando pequeños organismos para aprender sobre la vida en el agua.","Descubre la vida en un estanque.","agua-A46"
"menos-basura.md","¡Menos Basura!","Identifica la basura en tu ciudad y organiza una recolección.","Recolección de basura.","suelos-D04"
"juego-de-adivinanza.md","Juego de Adivinanza","Adivina qué servicios ecosistémicos provee cada tipo de suelo.","Juego sobre servicios del suelo.","suelos-B11"
"prueba-boscosa.md","Prueba Boscosa","Descarga la aplicación de la FAO Forestal o inventa tu propio juego sobre los bosques. Juégalo con tu grupo.","Juego interactivo sobre bosques.","bosques-A18"
"estudia-una-amenaza.md","Estudia una Amenaza","Investiga un tipo de amenaza natural y aprende todo sobre ella: causas, frecuencia, daños y cómo las personas se preparan.","Investigación sobre amenazas naturales.","rrd-A01"
"nuestro-agua-tambien-enfermarse.md","Nuestro Agua También Puede Enfermarse","Los participantes aprenden sobre las enfermedades transmitidas por el agua a través de un juego de búsqueda de palabras y una reflexión sobre el acceso al agua potable.","Aprende sobre enfermedades transmitidas por el agua.","agua-C39"
"barcos-y-marineros.md","Barcos y Marineros","Construye un barco que flote y que no se voltee, y compite para ver quién carga más peso.","Construcción de barcos flotantes.","oceano-C06"
"en-la-cima-del-mundo.md","En la Cima del Mundo","Haz una caminata por el dosel del bosque y observa desde las copas de los árboles. Dibuja, pinta o fotografía tu vista favorita.","Exploración del dosel forestal y creación artística.","bosques-A14"
"reportaje-sobre-el-carbono.md","","","",""
"lista-verificacion-huella-ecologica.md","Lista de verificación de la huella ecológica","Los participantes calculan su huella de carbono y reflexionan sobre cómo reducir su impacto personal en el medio ambiente.","Calcula y reduce tu huella de carbono.","cfn-A01"
"en-movimiento.md","En Movimiento","Investiga un animal del bosque de tu área y dónde vive en diferentes épocas del año. Crea un calendario anual.","Calendario anual de los movimientos de un animal del bosque.","bosques-A20"
"suelos-calidos.md","Suelos cálidos","Experimento para descubrir cómo diferentes tipos de suelo y agua absorben y retienen el calor de manera diferente.","Experimento sobre absorción de calor en suelos.","cambioclimatico-A13"
"dramatizacion-sobre-el-sistema-alimentario.md","Dramatización sobre el Sistema Alimentario","Asigna roles de personas en el sistema alimentario y dramatiza situaciones donde se ven afectadas por diferentes desafíos.","Dramatización sobre el sistema alimentario.","hambre-B06"
"mision-reciclaje.md","Misión reciclaje","Aprende sobre cómo reciclar diferentes tipos de plásticos y crea un sistema de reciclaje en casa y en la escuela.","Conviértete en un experto en reciclaje de plásticos.","plastics-B02"
"el-precio-del-agua.md","El Precio del Agua","Debate sobre si el agua debería ser gratis o si las personas deberían pagar por ella.","Debate sobre el precio del agua.","agua-D10"
"aguas-sucias.md","Aguas Sucias","Investiga accidentes graves relacionados con el agua en tu área o país.","Estudio de caso de accidentes relacionados con el agua.","agua-C03"
"campana-por-el-oceano.md","Campaña por el Océano","Organiza una campaña de concienciación sobre un problema del océano en tu comunidad.","Campaña de concienciación sobre el océano.","oceano-E02"
"especies-en-movimiento.md","Especies en movimiento","Reflexión sobre cómo el cambio climático obliga a las especies a trasladarse hacia altitudes o latitudes más frías.","Reflexionar sobre especies desplazadas por el clima.","biodiversidad-A16"
"riesgo-calculado.md","Riesgo Calculado","Investiga la fórmula para calcular el riesgo de desastre y aplícala a casos de estudio.","Fórmula de cálculo de riesgo de desastres.","rrd-B08"
"cuatro-esquinas.md","Cuatro Esquinas","Los participantes comparten opiniones sobre producción sostenible moviéndose a una de cuatro esquinas según su respuesta a preguntas.","Comparte tu opinión moviéndote.","cfn-A08"
"calefaccion-y-aire-acondicionado.md","Calefacción y aire acondicionado","Usa menos calefacción y aire acondicionado en tu hogar.","Reducción de calefacción y aire acondicionado.","sacc-A04"
"villanos-del-agua.md","¡Villanos del Agua!","Los participantes aprenden sobre las diferentes causas de la contaminación del agua a través de la creación y presentación de divertidos 'villanos' que representan cada tipo de contaminante.","Crea villanos que contaminan el agua.","agua-C38"
"manualidades-con-plastico.md","Manualidades con plástico reciclado","Organiza una feria de manualidades en tu escuela donde crees nuevos productos a partir de artículos plásticos que normalmente tirarías.","Transforma plástico en arte y objetos útiles.","plastics-C04"
"notas-recordatorias-apagame.md","Notas recordatorias Apágame","Diseña notas para ahorrar energía y agua en casa y escuela.","Notas recordatorias de ahorro.","sacc-C09"
"derecho-a-la-alimentacion.md","Derecho a la alimentación","Aprende sobre el derecho humano a la alimentación.","Derecho humano a la alimentación.","sacc-B18"
"rutas-seguras-para-bicicletas.md","Rutas seguras para bicicletas","Empieza una campaña para la creación de carriles para bicicletas en tu vecindario.","Campaña de ciclovías seguras.","sacc-C22"
"canta-con-el-bosque.md","Canta con el Bosque","Crea y presenta una canción sobre un bosque. Recolecta elementos del bosque para hacer instrumentos musicales.","Creación musical inspirada en el bosque.","bosques-C09"
"desfile-de-modas.md","Desfile de modas","Creación de ropa o joyas inspiradas en la biodiversidad y presentación de un desfile de modas.","Crear moda inspirada en biodiversidad.","biodiversidad-D18"
"coser-y-remendar-ropa.md","Coser y remendar ropa","Aprende a coser, remendar y adaptar la ropa.","Aprendizaje de costura y remiendo.","sacc-A32"
"redes.md","Redes","Crea una red de jóvenes para luchar contra la malnutrición e intercambiar ideas.","Red juvenil contra la malnutrición.","nutricion-E15"
"elige-un-pais.md","Elige un país","Investiga los alimentos que produce y consume un país de tu elección.","Investigación alimentaria de un país.","sacc-C06"
"almuerzo-libre-de-basura.md","Almuerzo libre de basura","Lleva un almuerzo sin generar basura a la escuela.","Almuerzo sin residuos.","sacc-B04"
"del-campo-a-tu-plato.md","Del Campo a tu Plato","Investiga el ciclo de vida de un alimento desde su producción hasta tu plato, evaluando su impacto ambiental.","Investigación del ciclo de vida de alimentos.","nutricion-D17"
"diversion-con-peliculas.md","Diversión con películas","Actividad obligatoria para ver un documental sobre cambio climático y discutir sus mensajes e implicaciones.","Ver y discutir un documental sobre cambio climático.","cambioclimatico-B02"
"see-los-enlaces.md","S.E.E los enlaces","Los participantes exploran los vínculos entre Sociedad, Medio Ambiente y Economía (S.E.E.) lanzando dados y creando historias sobre la función de cada ecosistema.","Conecta sociedad, medio ambiente y economía.","cfn-B09"
"salva-a-los-animales.md","Salva a los animales","Investigación sobre animales afectados por el cambio climático y cómo podemos ayudarlos.","Investigar animales afectados por el cambio climático.","cambioclimatico-C07"
"experimento-energia-quimica.md","Experimento de energía química","Experimento con bicarbonato y vinagre para ver la energía potencial convertirse en cinética: ¡burbujas de CO₂ en acción!","Crea una reacción química y observa la energía.","energia-C08"
"treinta-dias-por-el-ambiente.md","30 Días por el Ambiente","Realiza una acción por el medio ambiente cada día durante 30 días.","Desafío de 30 días de acciones ambientales.","rrd-D05"
"bacterias-y-mamiferos-marinos.md","Bacterias y mamíferos marinos","Investigación sobre cómo las bacterias y los mamíferos marinos ayudan a descomponer y remover desperdicios y contaminación.","Investigar limpieza natural del océano.","biodiversidad-B17"
"bosques-sagrados.md","Bosques Sagrados","Investiga tres comunidades indígenas o religiones que valoren los bosques como lugares sagrados. Comparte tus hallazgos.","Investigación sobre el valor sagrado de los bosques.","bosques-C12"
"fruta-para-ganar.md","Fruta para ganar","Reemplaza tus snacks envasados en plástico por frutas frescas durante tres semanas. Una forma saludable y ecológica de cambiar tus hábitos.","Cambia snacks plásticos por frutas.","plastics-A06"
"estas-de-acuerdo-o-en-desacuerdo.md","¿Estás de Acuerdo o en Desacuerdo?","Los participantes reflexionan sobre afirmaciones relacionadas con la vulnerabilidad al agua y discuten diferentes perspectivas sobre el acceso al agua, el género, el cambio climático y la justicia social.","Debate sobre vulnerabilidad al agua.","agua-D44"
"inicia-un-jardin-escolar-o-comunitario.md","Iniciá un jardín escolar o comunitario","Creación y mantenimiento de un jardín en la escuela o comunidad para cultivar alimentos y promover la sostenibilidad.","Crear un jardín escolar o comunitario.","ciudadesverdes-D01"
"diario-de-alimentos-semanal.md","Diario de alimentos - Semanal","Actividad para tomar conciencia del consumo de carne y su relación con el cambio climático a través de un diario alimentario.","Llevar un diario de alimentos para analizar el consumo de carne.","cambioclimatico-B05"
"club-de-intercambio.md","Club de intercambio","Organización de un club de intercambio de objetos para reducir el consumo y promover la reutilización en la comunidad.","Organizar un club de intercambio.","ciudadesverdes-C06"
"los-bosques-bajo-amenaza.md","Los Bosques Bajo Amenaza","Crea un collage, modelo o póster educativo sobre las amenazas a los bosques. Escribe una declaración del artista y exhibe tu obra en un espacio público.","Creación artística sobre amenazas a los bosques.","bosques-D01"
"cancion-ciclo-carbono.md","Canción del ciclo del carbono","Escribe una canción sobre el ciclo del carbono para recordar fácilmente cómo el carbono se mueve a través del aire, el agua, las plantas y los animales.","Crea una canción para aprender el ciclo del carbono.","energia-A06"
"buscando-la-suciedad.md","Buscando la Suciedad","Investiga diferentes tipos de contaminación en tu área.","Investigación de contaminación local.","suelos-C11"
"obra-de-teatro-o-exposicion.md","Obra de teatro o exposición sobre vida sostenible","Presenta una obra de teatro o exposición sobre una vida amigable con el medio ambiente.","Teatro o exposición sobre sostenibilidad.","sacc-C18"
"patitas-limpias.md","","","",""
"inspeccion-en-casa.md","Inspección en Casa","Revisa la preparación de tu hogar ante desastres y crea un plan de mejora.","Inspección de preparación familiar.","rrd-D02"
"cultiva-tu-propia-comida.md","Cultivá tu propia comida","Aprendizaje práctico para cultivar tus propias frutas y verduras en casa, desde la siembra hasta la cosecha.","Cultivar tus propias frutas y verduras.","ciudadesverdes-B01"
"ducha-rapida.md","Ducha rápida","Toma duchas rápidas y cierra la llave mientras te jabonas.","Ahorro de agua en la ducha.","sacc-A15"
"alimentos-geneticamente-modificados.md","Alimentos genéticamente modificados","Investigación sobre alimentos genéticamente modificados y debate sobre sus ventajas y desventajas.","Investigar y debatir sobre alimentos transgénicos.","biodiversidad-C09"
"visita-a-la-costa.md","Visita a la Costa","Visita una playa con marea baja y observa animales y plantas que viven en la orilla.","Visita de exploración costera.","oceano-B02"
"lugares-favoritos.md","Lugares favoritos","Investigación sobre cómo el cambio climático afecta los paisajes favoritos y los ecosistemas que los habitan.","Investigar el impacto climático en paisajes favoritos.","cambioclimatico-C06"
"biodiversidad-en-el-suelo.md","Biodiversidad en el suelo","Inspección de una muestra de tierra para observar la biodiversidad de organismos que viven en el suelo.","Explorar la biodiversidad en el suelo.","biodiversidad-C10"
"suelos-globales.md","Suelos Globales","Investiga dónde se encuentran los suelos más degradados del mundo.","Investigación de degradación de suelos global.","suelos-C02"
"especie-amenazada.md","Especie amenazada","Investigación sobre una especie amenazada local y su papel en el ecosistema.","Investigar una especie amenazada local.","biodiversidad-D02"
"experto-cuencas-agua.md","Experto en Cuencas y Agua","Los participantes invitan a un representante del gobierno local para aprender sobre las iniciativas que se implementan para mantener una cuenca saludable y prevenir la contaminación del agua.","Charla con un experto en cuencas.","agua-D40"
"juegos-sobre-el-clima.md","Juegos sobre el clima","Juego de Pictionary para aprender vocabulario sobre el cambio climático de forma divertida.","Juego de Pictionary sobre cambio climático.","cambioclimatico-D05"
"ejercicio-de-mapeo-urbano.md","Ejercicio de mapeo urbano","Creación de un mapa en 2D de tu vecindario para representar los componentes del entorno físico y la percepción del espacio urbano.","Crear un mapa 2D de tu vecindario.","ciudadesverdes-A09"
"compartiendo-historias.md","Compartiendo Historias","Comparte experiencias personales sobre desastres o lee historias sobre niños que los vivieron.","Intercambio de experiencias sobre desastres.","rrd-C05"
"huella-hidrica.md","Huella hídrica","Cálculo de la huella hídrica personal y familiar para tomar conciencia del consumo de agua.","Calcular la huella hídrica personal.","cambioclimatico-C11"
"resuelve-un-problema-comunitario.md","Resuelve un problema comunitario","Elige un problema en tu comunidad y haz algo para resolverlo.","Acción comunitaria.","sacc-C25"
"amenazas-naturales.md","Amenazas Naturales","Investiga sobre un desastre en el cual los bosques jugaron un papel importante. Presenta tus hallazgos como una nota periodística.","Investigación periodística sobre el rol de los bosques en desastres naturales.","bosques-B15"
"exhibicion-arte.md","Exhibición de arte energético","Crea obras de arte sobre energía usando materiales reciclados y exhibelas en tu comunidad.","Arte para concientizar sobre energía.","energia-E06"
"cambiando-por-el-cambio-climatico.md","Cambiando por el Cambio Climático","Investiga cómo el cambio climático afecta tu área y crea un mapa con acciones de adaptación.","Mapa de adaptación al cambio climático local.","rrd-B09"
"ideas-brillantes.md","Ideas brillantes","Investigación de proyectos innovadores de energía renovable y eficiencia energética en diferentes partes del mundo.","Investigar proyectos innovadores de energía.","cambioclimatico-D12"
"mariposas-y-polillas.md","Mariposas y polillas","Búsqueda y observación de mariposas y polillas para aprender sobre sus colores, diseños y hábitats.","Buscar y dibujar mariposas y polillas.","biodiversidad-A05"
"detectives-de-infracciones-contra-el-marketing.md","Detectives de Infracciones contra el Marketing","Investiga si se violan las recomendaciones de marketing de alimentos no saludables dirigidos a niños.","Auditoría de marketing de alimentos.","nutricion-E13"
"charla-sobre-los-arboles.md","Charla sobre los Árboles","Invita a un arbolista para que hable sobre los árboles. Haz preguntas sobre árboles caducifolios, manglares y más.","Charla con un especialista en árboles.","bosques-A13"
"energia-renovable-comunidad.md","Energía renovable en mi comunidad","Investiga qué tipo de energía usa tu hogar y tu escuela, y explora qué opciones de energía renovable están disponibles en tu comunidad.","Descubre cómo usar energía renovable en tu comunidad.","energia-B09"
"contaminacion-y-accidentes.md","Contaminación y Accidentes","Investiga un incidente de contaminación marina y crea un cartel ilustrando la secuencia de eventos y sus efectos.","Investigación sobre contaminación marina.","oceano-D04"
"a-ayudar.md","¡A Ayudar!","Analiza la asistencia internacional para la recuperación de desastres en países en desarrollo.","Análisis de asistencia internacional en desastres.","rrd-C08"
"edificios-eficientes-energeticamente.md","Edificios energéticamente eficientes","Visita un edificio que produzca su propia energía o sea energéticamente eficiente, y crea un modelo o dibujo etiquetado.","Descubre cómo construir eficientemente.","energia-C13"
"inventa-un-nuevo-uso.md","Inventa un nuevo uso","Inventa un nuevo uso para un residuo doméstico.","Reuso creativo de residuos.","sacc-A28"
"ideas-descabelladas.md","Ideas Descabelladas","Diseña una idea innovadora para llevar agua limpia a las personas.","Diseño innovador para acceso al agua.","agua-D02"
"estrategias-de-supervivencia.md","Estrategias de supervivencia","Investigación de las estrategias que utilizan diferentes animales para mantenerse calientes, fríos, secos o húmedos.","Investigar estrategias animales de supervivencia.","biodiversidad-A13"
"mimica.md","Mímica","Juego de mímica con palabras relacionadas con la seguridad alimentaria y la nutrición.","Juego de mímica sobre seguridad alimentaria.","nutricion-C04"
"limpieza-de-arroyo.md","Limpieza de Arroyo","Los participantes organizan y realizan una limpieza de un arroyo local, aprendiendo cómo acciones simples pueden mejorar el medio ambiente y la calidad del agua.","Organiza una limpieza de arroyo.","agua-E35"
"informacion-privilegiada.md","Información privilegiada","Reunión con un funcionario ambiental para conocer la posición de tu país en las negociaciones climáticas y compartir perspectivas juveniles.","Reunirse con funcionarios ambientales.","cambioclimatico-D10"
"revisa-las-etiquetas.md","Revisa las etiquetas","Investiga de dónde viene tu comida y cuánta energía y agua necesita para crecer.","Investigación de origen y huella de alimentos.","sacc-B01"
"bioblitz-exploracion.md","BioBlitz - Exploración del área natural","Los participantes colaboran en la organización y ejecución de un BioBlitz, encontrando e identificando tantas especies como sea posible en un área específica.","Inventario de biodiversidad en tu área.","cfn-B03"
"oda-a-la-escuela.md","Oda a la Escuela","Reflexiona sobre qué extrañarías si tu escuela fuera dañada por un desastre.","Reflexión sobre la importancia de la escuela.","rrd-D03"
"rios-mas-largos.md","Los ríos más largos del mundo","Los participantes investigan los ríos más largos del mundo y crean carteles informativos sobre ellos, descubriendo los beneficios que aportan a los seres vivos.","Investiga los ríos más largos del mundo.","agua-A43"
"a-donde-va-el-agua.md","¿A dónde va el agua?","Investiga el uso del agua en tu país por sectores y propón formas de ahorrar.","Investigación del uso de agua por sectores.","agua-B09"
"bosques-politicos.md","Bosques Políticos","Elige un ejemplo de cómo ha sido usado el bosque como un sitio de resistencia política. Presenta tus resultados en un formato creativo.","Investigación sobre movimientos de resistencia política en bosques.","bosques-C19"
"galeria-de-arte-forestal.md","Galería de Arte Forestal","Crea una obra de arte inspirada en los bosques, escribe una declaración del artista y exhibe tu trabajo en una Galería de Arte Forestal.","Creación y exhibición de arte inspirado en bosques.","bosques-C10"
"horno-solar.md","Horno solar","Aprende a construir un horno solar.","Construcción de horno solar.","sacc-B12"
"obra-de-teatro-sobre-reciclaje.md","Obra de teatro sobre reciclaje","Presenta una obra de teatro sobre la reducción de desechos.","Obra de teatro sobre reciclaje.","sacc-C14"
"el-gran-robo-del-agua.md","El Gran Robo del Agua","Los participantes simulan la distribución de derechos de agua en un río, explorando conflictos por el agua en situaciones de escasez, calidad y uso beneficioso.","Simula la distribución de derechos de agua.","agua-D37"
"experimentos-con-agua-marina.md","Experimentos con Agua Marina","Realiza experimentos para entender la salinidad, densidad y el ciclo del agua marina.","Experimentos sobre salinidad y densidad del agua marina.","oceano-A02"
"documental-acidificacion-oceanos.md","Documental sobre Acidificación de los Océanos","Los participantes ven un documental sobre la acidificación de los océanos y reflexionan sobre sus causas, consecuencias y posibles soluciones.","Documental sobre acidificación oceánica.","agua-D41"
"ideas-brillantes-energia.md","Ideas brillantes para la energía","Investiga proyectos de energía sostenible en el mundo (solar, hidroeléctrica) y prepara una presentación para el grupo.","Descubre proyectos energéticos innovadores.","energia-D09"
"tu-deporte.md","Tu Deporte","Inventa un deporte y juégalo en el bosque. ¿Cómo ayuda el medio ambiente del bosque a tu deporte?","Creación de un deporte forestal.","bosques-C07"
"experimento-de-derrame-de-petroleo.md","Experimento de derrame de petróleo","Experimento para demostrar cómo un derrame de petróleo daña las plumas de las aves y afecta la biodiversidad.","Experimentar el daño de un derrame de petróleo.","biodiversidad-B13"
"delicias-del-mar.md","Delicias del Mar","Prepara una comida usando ingredientes del océano, asegurándote de que sean de fuentes sostenibles.","Cocina con ingredientes marinos sostenibles.","oceano-B07"
"blog-energia.md","Blog sobre energía","Crea un blog grupal sobre energía con consejos, poesía, historias y noticias para compartir con amigos y familiares.","Comparte ideas sobre energía en un blog.","energia-E11"
"campana-comunitaria.md","Campaña comunitaria de energía","Planifica y lleva a cabo una campaña en tu comunidad para promover el ahorro de energía o el reciclaje.","Actúa para ahorrar energía en tu comunidad.","energia-E12"
"que-le-pasa-a-mi-estanque.md","¿Qué le Pasa a Mi Estanque?","Los participantes realizan pruebas de calidad del agua en muestras de agua de estanque para determinar su salud y aprender sobre parámetros como nitratos, pH, dureza y amoníaco.","Prueba la calidad del agua de un estanque.","agua-C40"
"especies-raras-de-arboles.md","Especies raras de árboles","Búsqueda y plantación de especies raras de árboles nativos para conservar la biodiversidad local.","Buscar y plantar árboles raros nativos.","biodiversidad-C27"
"comercio-de-emisiones-y-redd.md","Comercio de emisiones y REDD","Investigación sobre el comercio de emisiones y programas como REDD, y su impacto en la biodiversidad y las comunidades.","Investigar comercio de emisiones y REDD.","biodiversidad-A20"
"agua-lean-todo-sobre-ella.md","Agua: ¡Lean Todo Sobre Ella!","Los participantes crean su propio periódico centrado en el tema del agua, investigando y escribiendo artículos sobre diversos temas relacionados con el agua.","Crea un periódico sobre el agua.","agua-D50"
"campana-por-una-dieta-sana-y-equilibrada.md","Campaña por una Dieta Sana y Equilibrada","Organiza un evento para celebrar la Semana de la Nutrición con talleres, charlas y actividades interactivas.","Evento comunitario sobre nutrición.","nutricion-E02"
"reportaje.md","Reportaje","Entrevista a una persona indígena sobre adaptación al cambio climático y creación de un artículo o programa de radio.","Entrevistar a una persona indígena sobre adaptación.","cambioclimatico-D13"
"pensar-en-voz-alta.md","Pensar en voz alta","Actividad de expresión personal para reflexionar y compartir sentimientos sobre el cambio climático a través de la escritura creativa.","Expresar sentimientos sobre el cambio climático.","cambioclimatico-A05"
"investiga-iniciativas-locales.md","Investiga iniciativas locales","Investiga lo que tu pueblo o ciudad está haciendo para proteger el medio ambiente.","Investigación de iniciativas locales.","sacc-C01"
"aguas-mas-calidas.md","Aguas Más Cálidas","Construye modelos de arrecifes de coral sanos y blanqueados para entender el impacto del calentamiento del océano.","Modelo de arrecife de coral y blanqueamiento.","oceano-D08"
"experimento-de-descomposicion.md","Experimento de descomposición","Experimento para observar la descomposición de diferentes materiales en el suelo y aprender sobre el ciclo de nutrientes.","Observar descomposición en el suelo.","biodiversidad-C11"
"plantas-locales.md","Plantas locales","Investiga y planta especies locales que requieren menos agua.","Plantación de especies locales.","sacc-B08"
"a-desempolvar-los-libros-viejos.md","A Desempolvar los Libros Viejos","Lee un libro donde el suelo tenga un rol y reflexiona sobre su importancia.","Reflexión literaria sobre el suelo.","suelos-B08"
"creatividad-por-el-clima.md","Creatividad por el clima","Actividad obligatoria para desplegar de forma artística lo aprendido sobre el cambio climático y compartirlo con la comunidad.","Crear materiales de aprendizaje sobre el cambio climático.","cambioclimatico-A01"
"maravillas-agusanadas.md","Maravillas Agusanadas","Crea una lombricera para observar cómo las lombrices mejoran el suelo.","Observación de lombrices en el suelo.","suelos-A04"
"cambiando-con-el-clima.md","Cambiando con el Clima","Compara cómo tres diferentes tipos de bosques se verán afectados por el cambio climático. Crea un juego de cartas para compartir tus hallazgos.","Juego de cartas sobre el impacto del cambio climático en bosques.","bosques-B08"
"quien-es-un-polinizador.md","¿Quién es un polinizador?","Juego de preguntas para distinguir entre especies polinizadoras y no polinizadoras.","Juego para identificar polinizadores.","polinizadores-A05"
"marca-algunos-goles-ods.md","Marca algunos goles con los ODS","Explora cómo la contaminación plástica se conecta con los 17 Objetivos de Desarrollo Sostenible y crea un póster para tu escuela.","Conecta los plásticos con los ODS.","plastics-B04"
"monologos.md","Monólogos","Debate sobre el monocultivo representando diferentes perspectivas.","Debate sobre monocultivo.","suelos-C10"
"embolsate.md","¡Embólsate!","Fabrica tu propia bolsa de tela reutilizable para reducir el uso de plástico.","Fabricación de bolsas de tela reutilizables.","oceano-E03"
"investigaciones-tormentosas.md","Investigaciones tormentosas","Investigación sobre los fenómenos de El Niño y La Niña y sus efectos en el clima mundial.","Investigar El Niño y La Niña.","cambioclimatico-B15"
"revision-a-los-suelos.md","Revisión a los Suelos","Investiga los problemas del suelo en tu área hablando con expertos y vecinos.","Investigación local sobre problemas del suelo.","suelos-C01"
"arbol-problemas-agua-vida.md","Árbol de Problemas del Agua y la Vida","Los participantes identifican las causas y consecuencias de un problema relacionado con el agua a través de la creación de un árbol de problemas, visualizando las interconexiones entre causas y efectos.","Crea un árbol de problemas del agua.","agua-D47"
"diversion-con-agua-agua.md","Diversión con Agua","Los participantes planifican y realizan una actividad divertida que involucra el uso del agua con sus familias, reflexionando sobre la importancia del agua en la recreación.","Planifica una actividad divertida con agua en familia.","agua-A55"
"sin-sobras.md","Sin sobras","Formas creativas de reutilizar las sobras de comida para reducir el desperdicio alimentario en el hogar.","Reutilizar sobras de comida creativamente.","ciudadesverdes-A02"
"prepara-un-picnic-verde.md","Prepara un Picnic Verde","Organiza un picnic saludable y sostenible con envases reutilizables, ingredientes locales y actividad física.","Picnic sostenible y saludable.","nutricion-D16"
"experimento-de-lluvia-acida.md","Experimento de lluvia ácida","Experimento para comprobar los efectos de la lluvia ácida en las plantas utilizando agua con vinagre o jugo de limón.","Experimentar con lluvia ácida y plantas.","biodiversidad-B23"
"acampada-saludable.md","Acampada Saludable","Organiza una acampada o excursión saludable con menús nutritivos y actividad física.","Acampada saludable con nutrición y ejercicio.","nutricion-A09"
"huellas-de-plastico-mas-grandes.md","Las huellas de plástico más grandes","Los jóvenes compiten en equipos para recolectar y comparar la cantidad de plástico que usan durante un período, reflexionando sobre su consumo y buscando formas de reducirlo.","Compara tu huella de plástico con otros equipos.","plastics-P14"
"especies-en-peligro-y-consumo.md","Especies en peligro y consumo","Investigación de cómo las decisiones de consumo afectan directa e indirectamente a especies en peligro de extinción.","Investigar consumo y especies en peligro.","biodiversidad-D06"
"desenterrando-la-suciedad.md","Desenterrando la Suciedad","Formen grupos y salgan a investigar diferentes tipos de contaminación en su área. Presenten sus hallazgos en forma de un reportaje de noticias.","Investigación de contaminación local y reportaje de noticias.","bosques-D14"
"historiadores-del-clima.md","Historiadores del clima","Actividad obligatoria para investigar la historia del clima de la Tierra, incluyendo edades de hielo y periodos interglaciales.","Investigar la historia del clima de la Tierra.","cambioclimatico-B01"
"paseo-en-bote.md","Paseo en bote","Paseo en bote para observar y registrar la biodiversidad marina y costera mediante los sentidos.","Observar biodiversidad marina en paseo en bote.","biodiversidad-B25"
"humanidad-o-naturaleza.md","Humanidad o Naturaleza","Los participantes invitan a un experto en medio ambiente o conservación para reflexionar sobre el equilibrio entre las necesidades humanas y la protección de la naturaleza.","Charla sobre el equilibrio humanidad-naturaleza.","agua-E47"
"agua-invisible.md","Agua invisible","Actividad para descubrir cuánta agua invisible usamos diariamente a través de productos como ropa, alimentos y objetos.","Descubrir el agua invisible en productos cotidianos.","cambioclimatico-B06"
"inventos-inteligentes-agua.md","Inventos Inteligentes para el Agua","Los participantes investigan y presentan inventos innovadores diseñados para ahorrar y conservar agua, reflexionando sobre cómo la tecnología puede ayudar a proteger nuestros recursos hídricos.","Investiga inventos para ahorrar agua.","agua-B44"
"continentes-hambrientos.md","Continentes Hambrientos","Investiga las estadísticas de hambre por continente y país. Crea pósters y comparte los hallazgos.","Investigación sobre el hambre en diferentes continentes.","hambre-A08"
"estudio-evolutivo.md","Estudio evolutivo","Investigación sobre cómo una especie de planta o animal ha evolucionado para adaptarse a las condiciones climáticas a lo largo de las generaciones.","Investigar la evolución de una especie adaptada al clima.","cambioclimatico-A15"
"dia-de-azul.md","Día de Azul","Los participantes organizan un 'Día de Azul' en su escuela o lugar de reunión para concienciar sobre la importancia del agua y el saneamiento, vistiendo de azul y compartiendo mensajes.","Organiza un Día de Azul para concienciar sobre el agua.","agua-E37"
"tintes-naturales.md","Tintes naturales","Elaboración de tintes naturales a partir de raíces, nueces, bayas y flores para teñir telas.","Crear tintes naturales para telas.","biodiversidad-C13"
"el-ciclo-del-agua.md","El ciclo del agua","Los participantes realizan un experimento para demostrar cómo funciona el ciclo del agua, incluyendo evaporación, condensación y precipitación.","Construye un modelo del ciclo del agua.","agua-A38"
"campana-de-carteles-plastico.md","Campaña de carteles","Los jóvenes diseñan y crean carteles para concienciar sobre el problema de los plásticos de un solo uso, desarrollando su creatividad y habilidades de comunicación para influir en su comunidad.","Crea carteles para concienciar sobre el plástico.","plastics-P16"
"recaudacion-de-fondos-biodiversidad.md","Recaudación de fondos","Organización de una actividad de recaudación de fondos para una causa relacionada con la biodiversidad.","Recaudar fondos para la biodiversidad.","biodiversidad-D33"
"explorando-nuestro-entorno.md","Explorando nuestro entorno","Los participantes salen al aire libre a explorar su entorno, buscando elementos naturales y evidencias de la intervención humana, reflexionando sobre el impacto en el medio ambiente.","Explora y analiza tu entorno natural.","mundomejor-E05"
"concurso-solar.md","Concurso solar","Juego de preguntas sobre energía solar para aprender de forma creativa y divertida, en forma de debate o competencia entre equipos.","Aprende sobre energía solar jugando.","gosolar-C04"
"echa-una-mirada-al-suelo.md","Echa una Mirada al Suelo","Observa muestras de suelo bajo el microscopio para descubrir su composición.","Observación microscópica del suelo.","suelos-A10"
"quien-se-come-a-quien.md","¿Quién se Come a Quién?","Dibuja, haz un collage o crea un modelo de una red alimentaria que conecte a muchas especies del bosque.","Creación de una red alimentaria forestal.","bosques-A09"
"uso-de-la-biodiversidad.md","Uso de la biodiversidad","Investigación sobre cómo diferentes grupos de personas utilizan y conservan la biodiversidad de formas distintas.","Comparar usos de la biodiversidad.","biodiversidad-D08"
"compensacion-de-carbono-para-viajes.md","Compensación de carbono para viajes","Investiga la compensación de carbono para viajes aéreos.","Compensación de carbono.","sacc-A12"
"increibles-animales-que-se-adaptan.md","Increíbles animales que se adaptan","Actividad creativa para inventar un animal adaptado a un clima específico, desarrollando la imaginación y la comprensión de la evolución.","Inventar y dibujar un animal adaptado a su entorno.","cambioclimatico-A03"
"tu-vida-ecologica.md","Tu vida ecológica","Los participantes reflexionan sobre sus hábitos diarios de gestión de residuos y sugieren formas de mejorar sus prácticas para una vida más sostenible.","Descubre hábitos sostenibles para tu hogar.","cfn-A02"
"celebra-el-dia-de-mi-ciudad.md","Celebrá el Día de Mi Ciudad","Organización de un evento comunitario para celebrar tu ciudad e inspirar a los residentes a hacerla más verde.","Organizar un evento para celebrar tu ciudad.","ciudadesverdes-D02"
"juega-a-salvar-el-oceano.md","Juega a salvar el océano","Un minijuego interactivo en línea que muestra los desafíos que enfrentan los océanos y cómo pequeños cambios en nuestra vida pueden ayudar a protegerlos.","Aprende sobre la contaminación oceánica jugando un minijuego.","plastics-P03"
"estudios-salados.md","Estudios Salados","Experimenta con la desalinización del agua salada.","Experimento de desalinización.","agua-A15"
"el-factor-nutricional.md","El factor nutricional","Investigación sobre cómo la disminución de polinizadores afecta la nutrición global y qué nutrientes se perderían.","Investigar el impacto nutricional de la pérdida de polinizadores.","polinizadores-C07"
"comer-alimentos.md","Comer Alimentos","Registra tus hábitos alimenticios durante una semana y compáralos con lo que come una persona que vive con 1 USD al día.","Registro y reflexión sobre hábitos alimenticios.","hambre-A01"
"dia-de-concientizacion-rrd.md","Día de Concientización por la Comunidad","Organiza un evento comunitario sobre reducción del riesgo de desastres.","Evento comunitario de concientización sobre RRD.","rrd-D01"
"estas-reduciendo-y-reutilizando.md","¿Estás reduciendo y reutilizando?","Aprende a reducir los plásticos de un solo uso y a reutilizar plásticos tanto como sea posible durante dos semanas.","Reduce y reutiliza plásticos en tu vida diaria.","plastics-B01"
"daninos-pero-por-que.md","Dañinos pero ¿por qué?","Investiga por qué el PVC y el telgopor (Styrofoam) son dos de los plásticos más dañinos para la salud y el ambiente, y descubre qué alternativas existen.","Investiga los plásticos más dañinos.","plastics-A07"
"celebracion-por-el-suelo.md","Celebración por el Suelo","Organiza un día dedicado al suelo con actividades y juegos para tu comunidad.","Celebración del Día del Suelo.","suelos-D01"
"compania-de-transporte-maritimo.md","Compañía de Transporte Marítimo","Construye y prueba diferentes botes para aprender sobre el transporte marítimo.","Construcción de botes y transporte marítimo.","agua-B07"
"conversacion-sobre-el-tiempo.md","Conversación sobre el tiempo","Entrevista a personas mayores para conocer cómo ha cambiado el clima en tu área a lo largo del tiempo.","Entrevistar a personas mayores sobre cambios climáticos locales.","cambioclimatico-A09"
"plantas-contaminacion-agua.md","Plantas y Contaminación del Agua","Los participantes realizan un experimento con apio y colorante para demostrar cómo las plantas absorben contaminantes del agua y purifican los humedales.","Experimento sobre purificación del agua con plantas.","agua-C43"
"titeres-de-cuenca-de-agua.md","Títeres de cuenca de agua","Creación de un espectáculo de títeres para enseñar sobre la importancia de mantener una cuenca de agua saludable.","Crear títeres sobre cuencas de agua.","biodiversidad-B05"
"adaptaciones-de-animales-acuaticos.md","Adaptaciones de animales acuáticos","Investigación de las adaptaciones corporales de animales acuáticos y cómo se mueven en el agua.","Investigar adaptaciones de animales acuáticos.","biodiversidad-B04"
"danza-vientos-y-olas.md","Danza de vientos y olas","Coreografía una danza que explique cómo el calentamiento desigual de la Tierra crea vientos y olas, y cómo el carbono viaja a través de la naturaleza.","Baila y aprende sobre vientos, olas y el ciclo del carbono.","energia-A08"
"escalada-de-montana.md","Escalada de montaña","Ascenso a una montaña para observar los cambios en la vida vegetal y animal a diferentes altitudes.","Observar cambios de biodiversidad en altitud.","biodiversidad-C26"
"agua-alrededor-del-mundo-agua.md","Agua alrededor del mundo","Los participantes exploran la distribución del agua en el mundo y reflexionan sobre las diferencias en el acceso al agua entre países y continentes.","Descubre cómo se distribuye el agua en el mundo.","agua-A32"
"alimentos-desperdiciados.md","Alimentos Desperdiciados","Anota cuánta comida desecha tu familia durante una semana y busca formas de reducir el desperdicio.","Auditoría de desperdicios de alimentos.","hambre-C01"
"cambio-climatico-sequias-extremas.md","Cambio Climático y Sequías Extremas","Los participantes profundizan en la relación entre el cambio climático y las sequías extremas, analizando sus impactos en los ecosistemas y las comunidades humanas.","Analiza el impacto de las sequías extremas.","agua-C48"
"inspeccion-salud-energia.md","Inspección de salud y contaminación","Prepara un cuestionario sobre contaminación y salud, y si es posible, invita a un experto a hablar sobre el tema.","Aprende sobre contaminación y salud.","energia-D07"
"noche-de-cine-plastico.md","Noche de cine","Una actividad audiovisual para sensibilizar a los jóvenes sobre la contaminación plástica, mediante la proyección de cortometrajes educativos que muestran el impacto del plástico en los océanos y ecosistemas.","Aprende sobre la contaminación plástica viendo cortometrajes.","plastics-P02"
"basura-por-que-es-importante.md","Basura... ¿por qué es importante?","Los jóvenes investigan y reflexionan sobre el impacto de tirar basura, observando comportamientos en su comunidad y estableciendo la correlación entre la contaminación por plástico y el hábito de desechar residuos inadecuadamente.","Investiga el impacto de la basura en el medio ambiente.","plastics-P18"
"carta-verde.md","Carta verde","Redacción de una carta a autoridades locales para abordar desafíos ambientales en la comunidad y proponer soluciones.","Escribir una carta a autoridades locales sobre temas ambientales.","ciudadesverdes-D09"
"entrevista-a-un-anciano.md","Entrevista a un anciano","Entrevista a un abuelo o anciano para aprender cómo vivían en el pasado.","Entrevista intergeneracional sobre estilos de vida.","sacc-A05"
"patitos-de-hule.md","Patitos de Hule","Escribe una historia o poema sobre los patitos de hule que siguieron las corrientes oceánicas.","Historia creativa sobre patitos de hule.","oceano-A16"
"ir-contra-la-corriente.md","Ir contra la corriente","Reflexiona sobre cómo sería tu vida sin tres actividades que dependen de la energía y pruébalo por un día.","Experimenta un día con menos energía.","energia-E04"
"jabon-natural.md","Jabón natural","Aprende a hacer jabón natural y vende para una campaña ambiental.","Elaboración de jabón natural.","sacc-C17"
"separar-desde-el-comienzo.md","Separar desde el comienzo","Los jóvenes aprenden la importancia de la segregación de residuos a través de una dinámica práctica donde clasifican diferentes tipos de desechos en contenedores de colores, comprendiendo el reciclaje y la gestión de residuos.","Aprende a separar los residuos correctamente.","plastics-P15"
"campana-con-posters.md","Campaña con pósters","Desarrolla una campaña con pósters para promover cambios en la vida diaria.","Campaña de concienciación con pósters.","sacc-C19"
"exhibicion-de-posteres.md","Exhibición de Pósteres","Diseña pósteres para concienciar sobre dietas sanas para niños y adolescentes.","Pósteres sobre nutrición infantil.","nutricion-E06"
"refrigerador-eficiente.md","Refrigerador eficiente","Aprende a instalar y mantener tu refrigerador para ahorrar energía.","Eficiencia energética del refrigerador.","sacc-B05"
"clima-vs-tiempo.md","Clima vs. Tiempo","Juego interactivo para aprender la diferencia entre clima y tiempo mediante tarjetas y movimiento.","Juego para distinguir entre clima y tiempo.","cambioclimatico-A04"
"exploracion-en-la-copa-de-los-arboles.md","Exploración en la copa de los árboles","Actividad obligatoria para explorar la biodiversidad que vive en las ramas de los árboles, observando insectos, hongos y plantas.","Explorar la biodiversidad en las ramas de los árboles.","biodiversidad-A01"
"tu-propio-emprendimiento.md","Tu propio emprendimiento","Los participantes crean su propia microempresa desarrollando logotipo, slogan, producto, misión y visión, y presentan su proyecto en una feria de empresas.","Crea y presenta tu propia microempresa.","mundomejor-E09"
"el-arbol-del-hambre.md","El Árbol del Hambre","Crea un árbol donde las raíces representan las causas del hambre, el tronco los efectos y las hojas las soluciones.","Árbol conceptual sobre el hambre.","hambre-D01"
"cambio-climatico-agua.md","Cambio Climático","Investiga la relación entre el cambio climático y los desastres naturales relacionados con el agua.","Cambio climático y desastres relacionados con el agua.","agua-C07"
"recaudar-fondos.md","Recaudar Fondos","Organiza una rifa para recaudar fondos para un proyecto de nutrición en tu comunidad o en el mundo.","Recaudación de fondos para nutrición.","nutricion-E14"
"que-animal-soy-yo.md","¿Qué Animal Soy Yo?","Juego de adivinanzas sobre animales y plantas marinas.","Juego de adivinanzas sobre vida marina.","oceano-B03"
"resolucion-de-plastico.md","Resolución de plástico","Los jóvenes se comprometen colectivamente a reducir su uso de plásticos de un solo uso, estableciendo metas concretas y realizando un seguimiento de su progreso para generar un cambio duradero.","Comprométete a reducir el plástico con tu grupo.","plastics-P06"
"de-donde-viene-tu-agua.md","De dónde viene tu agua?","Investiga el origen de tu agua y cómo es tratada antes y después de usarla.","Investigación sobre el suministro de agua local.","agua-A02"
"meditaciones-en-el-museo.md","Meditaciones en el Museo","Visita un museo para observar esculturas y vasijas de arcilla.","Visita a un museo de arte.","suelos-B12"
"construyendo-un-hidrofono.md","Construyendo un Hidrófono","Construye un hidrófono para escuchar los sonidos subacuáticos.","Construcción de un hidrófono.","oceano-A09"
"impactos-locales-del-cambio-climatico.md","Impactos locales del cambio climático","Investiga los posibles impactos del cambio climático en tu área.","Impactos climáticos locales.","sacc-C07"
"polinizadores-y-la-economia.md","Polinizadores y la economía","Investigación sobre la dependencia económica de tu país respecto a los polinizadores y su papel en la agricultura.","Investigar el impacto económico de los polinizadores.","polinizadores-B09"
"quien-se-come-a-quien-oceano.md","¿Quién se Come a Quién?","Crea un móvil sobre una cadena alimentaria marina con fotografías de animales y plantas del mar.","Móvil de cadena alimentaria marina.","oceano-B06"
"concurso-por-el-clima.md","Concurso por el clima","Actividad obligatoria para competir en cambios de comportamiento sostenible y medir el impacto a lo largo de un mes.","Competir para hacer cambios sostenibles.","cambioclimatico-E02"
"juego-de-supervivencia.md","Juego de supervivencia","Juego para entender las dinámicas de predador-presa y el impacto de la extinción de especies en el ecosistema.","Jugar para entender dinámicas ecológicas.","biodiversidad-C07"
"habitats-en-la-naturaleza.md","Hábitats en la naturaleza","Exploración de hábitats de polinizadores y reflexión sobre cómo protegerlos.","Explorar hábitats de polinizadores.","polinizadores-C04"
"ducha-solar.md","Ducha solar","Descubre el funcionamiento de una ducha solar y construye una propia siguiendo las instrucciones para tener agua caliente con energía solar.","Construye una ducha de agua caliente solar.","gosolar-D02"
"la-onu-en-tu-pais.md","La ONU en tu País","Los participantes investigan proyectos relacionados con el agua apoyados por agencias de las Naciones Unidas en diferentes países y presentan sus hallazgos.","Investiga proyectos de la ONU sobre agua.","agua-D51"
"profesor-por-un-dia.md","Profesor por un día","Enseñar a niños más jóvenes sobre el cambio climático y sus efectos, desarrollando habilidades de liderazgo y comunicación.","Enseñar sobre cambio climático a niños más jóvenes.","cambioclimatico-E16"
"cava-profundamente.md","Cava Profundamente","Visita espacios naturales para examinar el suelo, sus capas y la vida que contiene.","Exploración del suelo y sus horizontes.","suelos-A01"
"mundo-de-carbono.md","Mundo de carbono","Explora un área natural local y observa plantas, animales, agua y suelo para entender cómo se mueve el carbono en la naturaleza.","Descubre el ciclo del carbono en tu entorno.","energia-A09"
"lugares-en-peligro.md","Lugares en peligro","Investigación sobre sitios de Patrimonio Mundial de la UNESCO amenazados por el cambio climático.","Investigar sitios UNESCO amenazados por el clima.","cambioclimatico-C10"
"energia-en-saltos-de-tijera.md","Energía en saltos de tijera","Usa saltos de tijera para demostrar la diferencia entre energía potencial y energía cinética de forma divertida.","¡Muévete y aprende sobre energía!","energia-C06"
"ayudantes-de-los-ods.md","Ayudantes de los ODS","Identificación de la relación entre los polinizadores y los Objetivos de Desarrollo Sostenible.","Conectar polinizadores con los ODS.","polinizadores-B02"
"examen-de-la-ciudad.md","Examen de la ciudad","Análisis del estado actual de tu ciudad, identificando fortalezas y desafíos en áreas clave como transporte, espacios verdes y servicios sociales.","Analizar el estado de tu ciudad.","ciudadesverdes-A01"
"dia-de-accion-por-el-clima.md","Día de acción por el clima","Actividad obligatoria para organizar un evento comunitario de concientización sobre el cambio climático con carteles, promesas y actividades interactivas.","Organizar un evento comunitario sobre el clima.","cambioclimatico-E01"
"organizador-comunitario.md","Organizador comunitario","Organiza un evento para elevar la conciencia pública sobre un aspecto local.","Organización comunitaria.","sacc-C32"
"excursion-de-campo.md","Excursión de campo","Visita a una zona rural para explorar los vínculos entre las áreas urbanas y rurales y comprender su interdependencia.","Visitar una zona rural para entender los vínculos urbano-rurales.","ciudadesverdes-B04"
"la-hora-del-planeta.md","La Hora del Planeta","Participación en el evento mundial de concienciación sobre el cambio climático apagando luces y realizando actividades sin electricidad.","Participar en la Hora del Planeta.","cambioclimatico-E10"
"cuida-la-energia.md","Cuida la energía","Seguimiento del consumo de energía en el hogar y desarrollo de estrategias para reducirlo a través de cambios de hábitos.","Reducir el consumo de energía en el hogar.","cambioclimatico-E13"
"mantente-al-tanto-de-las-noticias.md","Mantente al tanto de las noticias","Seguimiento de noticias sobre cambio climático y eficiencia energética para mantenerse informado y generar ideas.","Seguir noticias sobre cambio climático.","cambioclimatico-D06"
"disena-tu-propia-iniciativa-de-eds.md","Diseñá tu propia iniciativa de EDS al aire libre","Diseño de una iniciativa de Educación para el Desarrollo Sostenible (EDS) al aire libre para conectar a la comunidad con la naturaleza.","Diseñar una iniciativa de EDS al aire libre.","ciudadesverdes-D10"
"bazar-de-intercambio.md","Bazar de intercambio","Organiza un bazar para intercambiar cosas que ya no se necesitan.","Organización de bazar de intercambio.","sacc-A34"
"la-guia-alimentaria.md","La Guía Alimentaria","Averigua si tu país tiene una guía alimentaria y crea pósteres para difundirla en tu comunidad.","Investigación y difusión de guías alimentarias.","nutricion-B18"
"posters-del-agua.md","Pósters del Agua","Los participantes crean pósters educativos sobre el agua para compartir con su escuela, grupo o comunidad, inspirándose en los pósters educativos del Servicio Geológico de Estados Unidos.","Crea un póster educativo sobre el agua.","agua-E44"
"politica-climatica.md","Política climática","Investigación y análisis de las políticas gubernamentales sobre energía renovable y reducción de emisiones de gases de efecto invernadero.","Analizar políticas climáticas gubernamentales.","cambioclimatico-E19"
"arte-solar.md","Arte Solar","Enfoca la luz del Sol con una lupa sobre una tabla de madera para marcar dibujos y palabras, aprendiendo sobre la potencia de la energía solar.","Crea arte usando la energía del Sol.","gosolar-A01"
"investigacion-sobre-la-malnutricion.md","Investigación sobre la Malnutrición","Investiga diferentes formas de malnutrición, sus causas y efectos en diferentes regiones del mundo.","Investigación sobre la malnutrición.","nutricion-B12"
"un-mapa-de-la-costa.md","Un Mapa de la Costa","Investiga y dibuja un mapa detallado de una porción de la costa.","Mapa detallado de la costa.","oceano-B08"
"lavando-la-tierra.md","Lavando la Tierra","Experimenta con la erosión del suelo al verter agua sobre diferentes tipos.","Experimento de erosión del suelo.","suelos-C04"
"conservacion-practica.md","Conservación práctica","Participación activa en conservación uniéndose a una organización y visitando un centro de rescate de animales.","Participar en conservación práctica.","biodiversidad-D31"
"alimentador-de-aves.md","Alimentador de aves","Construcción de un alimentador de aves con materiales reciclados para observar y registrar las especies visitantes.","Construir y observar un alimentador de aves.","biodiversidad-A06"
"pasteles-de-lodo.md","Pasteles de Lodo","Experimenta creando pasteles de lodo y ladrillos de barro.","Creación de pasteles de lodo.","suelos-B04"
"ciencia-ciudadana.md","Ciencia Ciudadana","Contribuye a proyectos de investigación científica ciudadana sobre el océano.","Participación en ciencia ciudadana marina.","oceano-E06"
"el-agua-subterranea.md","El Agua Subterránea","Los participantes leen una historia de detectives sobre la calidad del agua subterránea y aprenden sobre la importancia de monitorear los cuerpos de agua para proteger los hábitats acuáticos.","Historia detectivesca sobre el agua subterránea.","agua-C42"
"el-trabajo-del-agua.md","El Trabajo del Agua","Cuenta los usos del agua, analiza qué pasaría sin ella e investiga la situación del agua en diferentes regiones.","Investigación sobre el uso y escasez de agua.","nutricion-A10"
"linea-de-tiempo-internacional.md","Línea de Tiempo Internacional","Aprende sobre importantes conferencias y eventos relacionados con el cambio climático y los bosques de los últimos cincuenta años. Crea una línea de tiempo.","Línea de tiempo de eventos internacionales sobre bosques y clima.","bosques-B14"
"viaje-amigable-con-el-medio-ambiente.md","Viaje amigable con el medio ambiente","Planifica un viaje turístico amigable con el medio ambiente.","Planificación de turismo sostenible.","sacc-C13"
"siembra-organico.md","Siembra orgánico","Investigación sobre productos orgánicos y de comercio justo, comparando su impacto ambiental y sus beneficios.","Investigar productos orgánicos y de comercio justo.","cambioclimatico-E05"
"los-perfiles-del-hambre.md","Los Perfiles del Hambre","Investiga la situación del hambre en tu país, identifica regiones con mayor tasa de hambre y analiza las causas.","Investigación sobre el hambre en tu país.","hambre-C06"
"fiesta-por-los-bosques.md","","","",""
"un-mundo-sin-hambre.md","Un Mundo sin Hambre","Organiza una obra de teatro o musical corto imaginando un mundo sin hambre.","Teatro sobre un mundo sin hambre.","hambre-D05"
"mantenganse-limpios.md","Manténganse Limpios","Evalúa tus hábitos de higiene personal y en casa, y busca formas de mejorarlos.","Evaluación y mejora de hábitos de higiene.","nutricion-A05"
"carta-para-ejercer-presion.md","Carta para Ejercer Presión","Escribe una carta a tus líderes gubernamentales pidiendo que tomen acción contra el hambre.","Carta a líderes gubernamentales.","hambre-E09"
"experimento-de-crecimiento.md","Experimento de crecimiento","Planta semillas y experimenta con luz solar vs. oscuridad para aprender sobre fotosíntesis y la importancia del Sol para las plantas.","Descubre cómo el Sol ayuda a las plantas a crecer.","energia-A05"
"programa-global-escuelas-seguras.md","Programa Global Escuelas Seguras","Investigación sobre desastres naturales locales y desarrollo de un plan de adaptación y preparación comunitaria.","Desarrollar un plan de adaptación a desastres.","cambioclimatico-E23"
"desafio-sin-electronicos.md","Desafío sin electrónicos","Desafío de un mes para vivir sin dispositivos electrónicos durante ciertas horas al día, descubriendo actividades alternativas.","Aprende a vivir sin electrónicos.","energia-C02"
"trabajos-en-el-suelo.md","Trabajos en el Suelo","Enumera trabajos relacionados con el suelo y juega a adivinarlos.","Juego sobre trabajos relacionados con el suelo.","suelos-C08"
"monitoreo-de-residuos.md","Monitoreo de mis residuos","Los participantes registran y pesan sus residuos domésticos durante una semana, visitan una instalación de gestión de residuos y desarrollan ideas para reducir el desperdicio.","Sigue y reduce tus residuos.","cfn-A06"
"pinta-un-bodegon-de-comida-de-temporada.md","Pinta un Bodegón de Comida de Temporada","Crea un dibujo con frutas y verduras de temporada para usar como guía de compras.","Dibujo de alimentos de temporada.","nutricion-D04"
"blog-de-biodiversidad.md","Blog de biodiversidad","Creación de un blog o diario sobre biodiversidad para compartir consejos y acciones para la juventud.","Crear un blog sobre biodiversidad.","biodiversidad-D27"
"juega-a-las-adivinanzas.md","Juega a las Adivinanzas","Juego de adivinanzas con alimentos para aprender sobre la importancia de una dieta variada.","Juego de adivinanzas con alimentos.","nutricion-E07"
"recordatorios-ahorro.md","Recordatorios de ahorro de energía","Crea recordatorios visuales para ahorrar energía en tu hogar, escuela o lugar de reunión.","Recordatorios para ahorrar energía.","energia-E05"
"se-un-ecoturista-cambioclimatico.md","Sé un ecoturista del cambio climatico","Investigación sobre ecoturismo y diseño de una actividad de ecoturismo para promover la protección ambiental.","Diseñar una actividad de ecoturismo.","cambioclimatico-E21"
"al-blog.md","¡Al Blog!","Crea un blog sobre temas relacionados con el agua para tu clase o grupo.","Blog sobre temas del agua.","agua-E08"
"hazlo-facil-sin-plastico.md","Hazlo fácil: reduce plásticos en casa","Crea sistemas en tu hogar para facilitar el uso de productos sostenibles en lugar de plásticos de un solo uso.","Haz que reducir plásticos sea más fácil.","plastics-C05"
"cazadores-de-mitos.md","¡Cazadores de Mitos!","Revisa once mitos sobre el hambre y discute si son verdaderos o falsos. Toma un quiz sobre el hambre.","Investigación y debate sobre mitos del hambre.","hambre-A07"
"la-ola-verde.md","La Ola Verde","Participación en La Ola Verde, una campaña mundial de plantación de árboles en el Día de la Biodiversidad.","Unirse a La Ola Verde.","biodiversidad-D32"
"compra-de-segunda-mano.md","Compra de segunda mano","Compra libros, ropa y otros bienes de segunda mano.","Consumo responsable de segunda mano.","sacc-A10"
"el-debate-de-la-dieta.md","El Debate de la Dieta","Debate sobre la influencia de los medios de comunicación en los trastornos alimenticios y la imagen corporal.","Debate sobre imagen corporal y medios.","nutricion-B14"
"el-mayor-perdedor-plastico.md","El mayor perdedor de plástico","Competencia entre clases o grupos para ver quién puede reducir más su consumo de plásticos de un solo uso durante una semana.","¿Quién puede generar menos residuos plásticos?","plastics-C01"
"campana-concientizacion-energetica.md","Campaña de concientización energética","Planifica y lleva a cabo una campaña de concientización sobre energía en tu comunidad para educar a otros sobre el uso sostenible de la energía.","Educa a tu comunidad sobre energía.","energia-E01"
"mostrando-algo-bueno.md","MOStrando Algo Bueno","Investiga la importancia de la Materia Orgánica del Suelo (MOS).","Investigación sobre la MOS.","suelos-C12"
"haz-una-nube.md","Haz una Nube","Crea una nube dentro de una botella para entender el ciclo del agua y la condensación.","Experimento para crear una nube.","oceano-A04"
"campamento-amigable-con-el-medio-ambiente.md","Campamento amigable con el medio ambiente","Organiza un campamento de verano amigable con el medio ambiente.","Campamento ecológico.","sacc-C30"
"nuestro-planeta-netflix.md","Nuestro Planeta","Los participantes ven episodios de la serie Nuestro Planeta de Netflix y WWF para entender los desafíos que enfrenta nuestro planeta y cómo pueden ayudar.","Explora y protege nuestro planeta.","cfn-B07"
"contaminacion-local-plastico.md","Contaminación local por plásticos","Investiga el impacto de la contaminación plástica en el ecosistema local y crea un breve documental con tus hallazgos.","Documenta la contaminación plástica en tu ecosistema local.","plastics-B08"
"poesia-planetaria.md","Poesía planetaria","Actividad creativa para escribir un poema desde la perspectiva de la Tierra sobre el cambio climático.","Escribir un poema desde la perspectiva de la Tierra.","cambioclimatico-E03"
"transporte-y-comercio-oceano.md","Transporte y Comercio","Investiga el puerto o muelle más cercano y elabora un folleto sobre sus actividades.","Investigación sobre transporte marítimo local.","oceano-C09"
"patrulla-del-parque.md","Patrulla del parque","Evaluación de qué tan amigables son los parques locales con los polinizadores y propuesta de mejoras.","Evaluar la amigabilidad de parques para polinizadores.","polinizadores-D10"
"haz-abono-con-la-basura-organica.md","Haz Abono con la Basura Orgánica","Instala un sistema de compostaje para convertir residuos orgánicos en abono natural.","Sistema de compostaje casero.","nutricion-D08"
"la-vida-en-los-arboles.md","La Vida en los Árboles","Aprende sobre dos poblaciones indígenas que construyen casas en el bosque. Construye una réplica en miniatura de una de estas casas.","Investigación sobre pueblos indígenas que construyen casas en los árboles.","bosques-C17"
"dieta-saludable-y-biodiversidad.md","Dieta saludable y biodiversidad","Reflexión sobre cómo la biodiversidad contribuye a mantener una buena nutrición.","Reflexionar sobre biodiversidad y nutrición.","biodiversidad-C02"
"jardin-comunitario.md","Jardín comunitario","Empieza un jardín comunitario en tu escuela o terraza.","Jardín comunitario.","sacc-C27"
"energia-y-ods.md","Energía y los ODS","Explora cómo la energía afecta el logro de los Objetivos de Desarrollo Sostenible. Cada grupo investiga un ODS y encuentra conexiones con la energía.","Descubre cómo la energía impulsa los ODS.","energia-D01"
"ahorra-agua-agua.md","¡Ahorra Agua!","Los participantes participan en una carrera de relevos para comparar el uso eficiente y no eficiente del agua, aprendiendo prácticas de conservación.","Carrera de relevos para aprender a ahorrar agua.","agua-B35"
"tarjetas-de-felicitacion-recicladas-cambioclimatico.md","Tarjetas de felicitación - cambioclimatico","Crear tarjetas de felicitación con papel reciclado para todas las ocasiones, explicando la importancia del reciclaje.","Crear tarjetas con papel reciclado.","cambioclimatico-E04"
"el-agua-como-un-derecho-humano.md","El Agua como un Derecho Humano","Investiga sobre los derechos humanos y por qué el acceso al agua limpia fue declarado un derecho humano.","Investigación sobre el agua como derecho humano.","agua-D09"
"usos-de-la-biodiversidad-marina.md","Usos de la biodiversidad marina","Investigación de los diferentes usos que los seres humanos dan a la biodiversidad marina.","Investigar usos de la biodiversidad marina.","biodiversidad-B15"
"ecoturismo.md","Ecoturismo","Investiga dos ejemplos de ecoturismo que ayudan a proteger bosques y comunidades locales. Presenta tus hallazgos y crea un folleto de viaje.","Investigación y diseño de ecoturismo forestal.","bosques-B09"
"parcelas-de-vegetacion.md","Parcelas de Vegetación","Investiga una parcela de vegetación de 1m² en el bosque. Cuenta plantas, identifica especies y crea un dibujo a escala.","Muestreo científico de vegetación forestal.","bosques-A22"
"de-suelos-organicos.md","De Suelos Orgánicos","Investiga productos orgánicos y de comercio justo, y su impacto en el suelo.","Investigación de productos orgánicos y comercio justo.","suelos-D10"
"juega-por-la-alimentacion.md","¡Juega por la Alimentación!","Juega juegos de beneficencia en línea donde cada vez que ganas se dona dinero para personas que padecen hambre.","Juegos solidarios contra el hambre.","hambre-B05"
"jardin-de-lluvia.md","Jardín de Lluvia","Los participantes construyen un jardín de lluvia en su escuela o lugar de reunión para filtrar el agua de lluvia, reducir la escorrentía y mejorar el medio ambiente local.","Construye un jardín de lluvia.","agua-E41"
"agua-y-poblacion.md","Agua y Población","Los participantes investigan la relación entre el crecimiento de la población y la disponibilidad de agua, analizando datos y participando en una simulación sobre el consumo de agua.","Investiga la relación entre población y agua.","agua-D46"
"ideas-internacionales.md","Ideas internacionales","Intercambio cultural para conocer hábitos sostenibles de diferentes países y aprender unos de otros.","Intercambiar ideas sostenibles entre países.","cambioclimatico-D07"
"brujula-solar-sombra.md","Brújula solar - Método de la Sombra","Aprende a orientarte usando la sombra de un palo, descubriendo una técnica simple para encontrar los puntos cardinales sin brújula.","Encuentra los puntos cardinales con una sombra.","gosolar-A05"
"papel-reciclado.md","Papel reciclado","Compra y usa papel reciclado.","Uso de papel reciclado.","sacc-A22"
"que-ha-cambiado-agua.md","¿Qué Ha Cambiado?","Los participantes entrevistan a un familiar o miembro de la comunidad mayor para descubrir cómo han cambiado las fuentes y el uso del agua a lo largo del tiempo.","Entrevista a un mayor sobre el agua.","agua-D33"
"comunicate-rrd.md","Comunícate","Crea una propuesta para mejorar la RRD en tu comunidad y preséntala a las autoridades.","Propuesta comunitaria de RRD para autoridades.","rrd-D09"
"trabajo-voluntario.md","Trabajo Voluntario","Investiga organizaciones que trabajan contra el hambre en tu comunidad y trabaja como voluntario.","Voluntariado contra el hambre.","hambre-E08"
"inspeccion-en-la-cocina.md","Inspección en la cocina","Realiza una inspección en tu cocina y reemplaza elementos innecesarios.","Reducción de residuos en la cocina.","sacc-B09"
"guion-radiofonico.md","Guión radiofónico","Escritura de un guión radiofónico sobre biodiversidad y presentación a una estación de radio local.","Escribir un guión radiofónico sobre biodiversidad.","biodiversidad-D20"
"cuenca-en-las-estaciones.md","Cuenca en las estaciones","Visita estacional a una cuenca de agua para observar los cambios en la vida animal y vegetal a lo largo del año.","Observar cambios estacionales en una cuenca.","biodiversidad-B28"
"cambiando-con-el-clima-cambioclimatico.md","Cambiando con el clima cambioclimatico","Investigación sobre cómo el cambio climático afecta a diferentes tipos de bosques y cómo estos influyen en el clima.","Investigar impacto del clima en bosques.","cambioclimatico-C13"
"arte-futurista.md","Arte futurista","Actividad creativa para imaginar cómo será tu ciudad o pueblo dentro de 100 años afectado por el cambio climático.","Dibujar cómo será tu ciudad afectada por el cambio climático.","cambioclimatico-B03"
"jardineria-verde-suelos.md","Jardinería Verde - Suelos","Prepara un recipiente de compost y observa cómo mejora el suelo.","Compostaje y cuidado del suelo.","suelos-D05"
"manos-a-la-obra-petroleo.md","Manos a la Obra con el Petróleo","Los participantes experimentan los efectos del petróleo en el agua y en diferentes materiales, comprendiendo el impacto de los derrames de petróleo en el medio ambiente.","Experimenta los efectos del petróleo en el agua.","agua-C44"
"opiniones-sobre-el-intercambio-de-emisiones.md","Opiniones sobre el intercambio de emisiones","Investigación y debate sobre cómo funciona el intercambio de emisiones como solución para mitigar el cambio climático.","Debatir sobre el intercambio de emisiones.","cambioclimatico-D15"
"saca-el-bardo-que-hay-en-ti.md","Saca el Bardo que Hay en Ti","Crea una obra de teatro sobre una comunidad que enfrenta escasez de agua.","Obra de teatro sobre escasez de agua.","agua-C05"
"vegetacion-proteccion-agua.md","Vegetación y Protección del Agua","Los participantes realizan un experimento para comprobar cómo la vegetación ayuda a prevenir la erosión del suelo y la sedimentación en los cuerpos de agua.","Experimento sobre vegetación y erosión.","agua-D38"
"tarjetas-de-puntuacion.md","Tarjetas de puntuación para empaques","Crea un sistema de puntuación para evaluar qué tan ecológicos son los empaques de productos en tu supermercado local.","Evalúa la sostenibilidad de los empaques de productos.","plastics-A04"
"ceremonia-mejor-conservador-agua.md","Ceremonia del Mejor Conservador del Agua","Los participantes organizan una ceremonia simbólica para honrar a la naturaleza como la mejor conservadora del agua, reflexionando sobre la importancia de proteger nuestros recursos hídricos.","Ceremonia para honrar a la naturaleza.","agua-E36"
"aprende-a-comprar.md","Aprende a Comprar","Ayuda a tu familia con la compra eligiendo alimentos frescos, de temporada y sostenibles.","Compra sostenible y saludable.","nutricion-D03"
"energia-y-pobreza.md","Energía y pobreza","Tormenta de ideas sobre cómo la pobreza limita el acceso a la electricidad y cómo la electricidad puede ayudar a familias y comunidades a salir de la pobreza.","Conecta la energía con la lucha contra la pobreza.","energia-D12"
"dia-mundial-de-la-alimentacion.md","Día Mundial de la Alimentación","Organiza actividades para el Día Mundial de la Alimentación.","Celebración del Día Mundial de la Alimentación.","sacc-C21"
"papel-reciclado-casero.md","Papel reciclado casero","Aprende a hacer tu propio papel reciclado.","Fabricación de papel reciclado casero.","sacc-A24"
"concurso-de-preguntas-agua.md","Concurso de Preguntas","Prepara un concurso de preguntas sobre agua y saneamiento entre dos equipos.","Concurso sobre agua y saneamiento.","agua-D07"
"exploracion-en-la-copa-version-paseo.md","Exploración en la copa - versión paseo","Actividad obligatoria para explorar la biodiversidad aérea caminando por el vecindario con binoculares.","Explorar biodiversidad aérea en el vecindario.","biodiversidad-A02"
"desfile-de-modas-reciclada.md","Desfile de modas reciclada","Haz un desfile de modas con vestuario de materiales reciclados.","Desfile de moda con materiales reciclados.","sacc-A35"
"animal-favorito-rrd.md","Animal Favorito","Escribe una historia creativa sobre cómo tu animal favorito sobrevive a una amenaza natural.","Historia creativa sobre un animal y una amenaza.","rrd-B03"
"desastres-relacionados-con-el-clima.md","Desastres relacionados con el clima","Investiga desastres relacionados con el cambio climático y cómo afectan a las personas.","Desastres climáticos y su impacto.","sacc-B15"
"biodiversidad-y-cambio-climatico.md","Biodiversidad y cambio climático","Creación de un video o póster explicando cómo la biodiversidad ayuda a reducir los efectos del cambio climático.","Crear material sobre biodiversidad y cambio climático.","biodiversidad-A19"
"carrera-contra-el-hambre.md","Carrera Contra el Hambre","Organiza una versión local de la Carrera Contra el Hambre de la FAO cerca del Día Mundial de la Alimentación.","Carrera comunitaria contra el hambre.","hambre-E06"
"juego-de-biodiversidad.md","Juego de biodiversidad","Creación de un juego para aprender sobre la importancia de la biodiversidad.","Inventar un juego sobre biodiversidad.","biodiversidad-D16"
"pintando-el-panorama-general.md","Pintando el panorama general","Creación de dos pinturas: el mundo con polinizadores y el mundo sin ellos, para reflexionar sobre su importancia.","Pintar el mundo con y sin polinizadores.","polinizadores-C05"
"crea-un-rincon-de-los-nutrientes.md","Crea un Rincón de los Nutrientes","Crea un espacio educativo sobre nutrientes en tu escuela con pósteres y materiales informativos.","Rincón educativo sobre nutrientes.","nutricion-E01"
"siendo-buenos-para-el-bien-global.md","Siendo buenos para el bien global","Compromiso a largo plazo con acciones diarias para ayudar a los polinizadores y al planeta.","Comprometerse con acciones diarias por los polinizadores.","polinizadores-D03"
"las-capas-del-bosque.md","Las Capas del Bosque","Haz un dibujo de las capas de plantas y árboles de un bosque de tu área. Etiqueta las diferentes capas.","Dibujo de las capas del bosque.","bosques-A06"
"graficos-del-suelo.md","Gráficos del Suelo","Crea una tira cómica sobre un superhéroe que salva al suelo.","Tira cómica sobre protección del suelo.","suelos-C05"
"presentacion-combustibles-fosiles.md","Presentando los combustibles fósiles","Investiga un combustible fósil (carbón, petróleo, gas natural) y crea una presentación sobre sus ventajas, desventajas y uso mundial.","Explica los pros y contras de los combustibles fósiles.","energia-B07"
"alzar-el-vuelo.md","Alzar el Vuelo","Investiga una especie de ave forestal que migra a través de continentes. Compara su vida en diferentes bosques y comparte tus hallazgos.","Investigación sobre aves migratorias forestales.","bosques-A21"
"modelo-generacion-energia.md","Modelo de generación de energía","Investiga los tipos de energía que se usan en tu país, marca en un mapa las regiones y construye un modelo de una fuente de energía renovable.","Construye un modelo de energía renovable.","energia-B01"
"organiza-un-evento-de-narracion-de-historias.md","Organiza un Evento de Narración de Historias","Organiza un evento de narración de historias sobre comida y nutrición con mitos, leyendas y cuentos.","Evento de narración sobre comida.","nutricion-E04"
"guia-rapida-de-cocina-facil.md","Guía Rápida de Cocina Fácil","Investiga métodos y tiempos de cocción para diferentes alimentos nutritivos y crea una tabla guía.","Guía de tiempos de cocción de alimentos.","nutricion-C05"
"paisaje-local.md","Paisaje local","Investigación de los ecosistemas locales y los polinizadores que los habitan.","Investigar ecosistemas y polinizadores locales.","polinizadores-B05"
"hora-de-la-prueba-rrd.md","Hora de la Prueba","Prepara un concurso de preguntas sobre desastres y RRD entre dos equipos.","Concurso de preguntas sobre desastres y RRD.","rrd-B06"
"hornear-con-burbujas.md","Hornear con burbujas","Hornea algo que use levadura o bicarbonato para ver cómo las burbujas de CO₂ hacen que la masa suba.","Hornea y aprende sobre el CO₂.","energia-A12"
"bichos.md","Bichos","Investiga los principales problemas de microorganismos en tu zona y su relación con la seguridad alimentaria.","Investigación sobre microorganismos y enfermedades.","nutricion-C09"
"local-vs-importado.md","Local vs. Importado","Compara alimentos locales e importados y su impacto ambiental, y elige opciones sostenibles.","Comparación de alimentos locales e importados.","nutricion-D15"
"prepara-una-infusion.md","Prepara una Infusión","Experimenta creando bebidas saludables bajas en azúcar usando hierbas, raíces y frutas.","Preparación de infusiones saludables.","nutricion-B11"
"haciendo-los-calculos.md","Haciendo los Cálculos","Calcula el ahorro de agua que puedes lograr con electrodomésticos eficientes.","Cálculo de ahorro de agua en el hogar.","agua-B10"
"mide-tu-huella-de-cambio-climatico.md","Mide tu huella de cambio climático","Mide tu huella de carbono y haz un plan para reducirla.","Cálculo de huella de carbono.","sacc-A09"
"los-bosques-y-tu.md","Los Bosques y Tú","Escribe un reporte sobre lo que el bosque significa para ti y para tu comunidad. Lee tu trabajo en voz alta para las demás personas de tu grupo.","Reflexión personal sobre la importancia del bosque local.","bosques-D06"
"leccion-de-historia.md","Lección de historia","Investigación sobre la historia de tu ciudad, su expansión y su inclusividad con diferentes grupos de población.","Investigar la historia y expansión de tu ciudad.","ciudadesverdes-A10"
"amenazas-en-tu-cultura.md","Amenazas en tu Cultura","Investiga creencias, leyendas y tradiciones locales relacionadas con amenazas y desastres naturales.","Creencias culturales sobre amenazas naturales.","rrd-A04"
"experimento-de-capas-de-suelo.md","Experimento de capas de suelo","Experimento para comparar el crecimiento de plantas en diferentes capas de suelo y comprender la importancia de la erosión.","Comparar crecimiento en diferentes capas de suelo.","biodiversidad-C15"
"educacion-anti-invasion.md","","","",""
"buen-plastico-mal-plastico.md","Buen plástico, mal plástico","Aprende a identificar los diferentes tipos de plásticos y por qué los plásticos de un solo uso son los que realmente causan problemas ambientales.","Identifica qué plásticos son problemáticos y cuáles no.","plastics-A01"
"estudio-sobre-el-cambio-climatico.md","Estudio sobre el Cambio Climático","Investiga los cambios climáticos en tu área durante los últimos 50 años y sus efectos en la producción de alimentos.","Investigación sobre cambio climático y agricultura.","hambre-C07"
"la-hora-del-planeta-energia.md","La Hora del Planeta - Energía","Participa en La Hora del Planeta, un evento global donde millones de personas apagan sus luces por una hora para crear conciencia sobre el cambio climático y el consumo de energía.","Apaga las luces por el planeta.","energia-E03"
"barril-de-lluvia.md","Barril de lluvia","Creación de un barril de lluvia con materiales reciclados para recolectar y reutilizar agua de lluvia.","Construir un barril de lluvia.","biodiversidad-B12"
"usando-la-madera.md","Usando la Madera","Enumera cosas hechas con madera en tu hogar. Discute pros y contras de cortar árboles.","Inventario de productos de madera y debate sobre su uso.","bosques-B07"
"visita-un-centro-de-salud.md","Visita un Centro de Salud","Visita un centro de salud o invita a un profesional sanitario para aprender sobre los retos de la salud.","Visita a centro de salud.","nutricion-A11"
"clima-y-agricultura.md","Clima y agricultura","Investiga cómo el cambio climático afecta la producción de alimentos.","Impacto climático en la agricultura.","sacc-B17"
"la-juerga-de-las-compras.md","La Juerga de las Compras","Visita supermercados y mercados agrícolas para evaluar las medidas de seguridad alimentaria.","Evaluación de seguridad alimentaria en tiendas.","nutricion-C03"
"investigacion-geotermica.md","Investigación geotérmica","Investiga la energía geotérmica y evalúa su viabilidad en tu comunidad: ¿podría usarse para calefacción o electricidad?","Descubre si tu comunidad podría usar energía geotérmica.","energia-B10"
"detectives-de-fugas.md","Detectives de Fugas","Los participantes se convierten en detectives para detectar fugas de agua, calcular cuánta agua se desperdicia y reflexionar sobre la importancia de repararlas.","Detecta y calcula el agua desperdiciada por fugas.","agua-B33"
"juegos-en-linea-biodiversidad.md","Juegos en línea","Exploración de juegos en línea sobre biodiversidad para aprender jugando.","Jugar juegos en línea sobre biodiversidad.","biodiversidad-D04"
"ciencia-ciudadana-aves.md","Ciencia ciudadana - aves","Participación en un proyecto de ciencia ciudadana sobre aves para recolectar información científica y contribuir a la investigación.","Participar en ciencia ciudadana sobre aves.","biodiversidad-A11"
"un-dia-en-la-vida-de-un-pescador.md","Un Día en la Vida de un Pescador","Entrevista a un pescador y escribe una historia sobre un día en su vida.","Entrevista y relato sobre un pescador.","oceano-C05"
"reciclar-y-reducir-cfn.md","Reciclar y reducir","Los participantes aprenden la diferencia entre reciclar y reducir residuos, y cómo hacer su consumo más responsable y respetuoso con el medio ambiente.","Aprende a reciclar y reducir residuos.","cfn-A05"
"giro-del-agua.md","Giro del Agua","Los participantes exploran las conexiones entre ser un ciudadano responsable y el uso del agua a través de un juego musical dinámico y participativo.","Juego musical para aprender sobre el cuidado del agua.","agua-B32"
"y-los-efectos-secundarios.md","¿Y los efectos secundarios?","Investigación sobre los efectos negativos de la urbanización en tu ciudad a través de entrevistas con diferentes actores sociales.","Investigar los efectos secundarios de la urbanización.","ciudadesverdes-B07"
"investigacion-nacional-plastico.md","Investigación nacional sobre plásticos","Investiga la situación de la contaminación plástica en tu país y crea un informe con recomendaciones para políticas públicas.","Analiza la situación de los plásticos en tu país.","plastics-C03"
"negocios-sospechosos.md","Negocios Sospechosos","Visita un mercado de pescado local para investigar la procedencia y sostenibilidad de los productos del mar.","Investigación sobre productos del mar.","oceano-C01"
"trabajando-como-alfarero.md","Trabajando como Alfarero","Visita un taller de alfarería y crea tus propias piezas con arcilla.","Taller de alfarería.","suelos-B09"
"letreros-para-proteger-arroyos.md","Letreros para proteger arroyos","Creación de letreros para proteger arroyos y ríos en colaboración con autoridades locales.","Crear letreros para proteger arroyos.","biodiversidad-B11"
"contaminacion-local.md","Contaminación local","Investigación sobre el impacto de la contaminación en los ecosistemas locales y las especies en peligro de tu área.","Investigar la contaminación local.","ciudadesverdes-B08"
"flash-informativo.md","Flash Informativo","Diseña un periódico dedicado a cuestiones globales sobre el hambre y la pobreza con noticias y fotografías.","Creación de un periódico sobre el hambre.","hambre-B08"
"cuando-se-degradan.md","¿Cuándo se degradan?","Un experimento a largo plazo donde los jóvenes entierran diferentes materiales y observan su proceso de degradación, aprendiendo sobre biodegradabilidad y el impacto ambiental de los plásticos.","Descubre cuánto tardan en degradarse los plásticos.","plastics-P11"
"juego-derechos-humanos.md","El juego de los Derechos Humanos","Los participantes imaginan una nueva sociedad desde cero, definen los derechos humanos más importantes y los comparan con la Declaración Universal de los Derechos Humanos.","Define los derechos de una nueva sociedad.","mundomejor-E04"
"entender-la-obesidad.md","Entender la Obesidad","Debate sobre las principales causas de la obesidad infantil y su prevalencia en tu comunidad.","Debate sobre obesidad infantil.","nutricion-B13"
"rastreadores-de-senderos.md","Rastreadores de Senderos","Aprende cómo hacer símbolos de senderos y crea un sendero en el bosque para que otro grupo lo siga.","Creación de un sendero con símbolos de orientación.","bosques-C15"
"limpieza-de-espacios-verdes.md","Limpieza de espacios verdes","Organización de una jornada de limpieza en un parque o espacio verde con problemas de basura.","Limpiar un espacio verde de la comunidad.","ciudadesverdes-D04"
"actuando-ciclo-carbono.md","Actuando el ciclo del carbono","Aprende sobre el ciclo del carbono y crea un video, sketch o dibujo animado para explicarlo de forma creativa.","Representa el ciclo del carbono con creatividad.","energia-A13"
